stockcode,description,abs_quantity
23843,"paper craft , little birdie",80995
23166,medium ceramic top storage jar,74494
23005,printing smudges/thrown away,19200
84347,rotating silver angels t-light hldr,9376
23003,printing smudges/thrown away,9058
72140f,throw away,5368
79323w,"unsaleable, destroyed.",4830
m,manual,4066
21108,fairy cake flannel assorted colour,3150
20713,wrongly marked. 23343 in box,3100
84598,check,3000
23270,incorrect stock entry.,2880
79323lp,"unsaleable, destroyed.",2618
22617,"mouldy, thrown away.",2600
85123a,white hanging heart t-light holder,2578
72732,thrown away-can't sell,2472
23059,thrown away-rusty,2376
21175,gin + tonic diet metal sign,2030
79323p,"unsaleable, destroyed.",2003
21829,?missing,1897
22618,"mouldy, unsaleable.",1681
79323b,"unsaleable, destroyed.",1671
85036c,damages wax,1560
22920,herb marker basil,1527
79164,damages/credits from asos.,1512
16008,check,1510
21620,mystery! only ever imported 1800,1479
22273,feltcraft doll molly,1447
23117,damaged,1440
23115,damaged,1440
23113,damaged,1440
23116,damaged,1440
23114,damaged,1440
23268,incorrect stock entry.,1440
23269,incorrect stock entry.,1440
84611b,thrown away,1430
47566b,tea time party bunting,1424
22351,given away,1400
15034,paper pocket traveling fan,1385
20971,pink blue felt craft trinket box,1321
47566b,reverse previous adjustment,1300
47566b,incorrectly credited c550456 see 47,1300
85036b,damages wax,1284
35610a,thrown away,1277
21700,sold as set on dotcom and amazon,1206
85175,? sold as sets?,1200
84077,world war 2 gliders asstd designs,1200
d,discount,1194
71477,colour glass. star t-light holder,1174
79323gr,"unsaleable, destroyed.",1158
21135,wet rusty,1152
85204,lost??,1131
79342b,"unsaleable, destroyed.",1128
35610c,thrown away.,1121
85099b,jumbo bag red retrospot,1115
40016,damaged stock,1100
22740,?,1060
21877,home sweet home mug,1052
22578,lost,1050
23343,wrongly coded 20713,1000
72038p,damages,990
85175,wrongly sold sets,975
84929,code mix up? 84930,967
23113,pantry chopping board,946
79341,"unsaleable, destroyed.",905
16045,check,900
22151,place setting white heart,890
22147,feltcraft butterfly hearts,877
22423,regency cakestand 3 tier,855
85078,missing,840
20713,wrongly coded-23343,800
37370,sold as set/6 by dotcom,786
40016,?,752
21622,possible damages or lost?,750
15036,assorted colours silk fan,744
84997c,?,741
20956,?,723
23199,jumbo bag apples,723
22102,mirror mosaic t-light holder,720
23170,regency tea plate roses,718
22992,revolver wooden ruler,716
22991,giraffe wooden ruler,714
21069,vintage billboard tea mug,701
72807b,wet pallet,696
22127,sold in set?,690
21871,save the planet mug,685
85172,dotcom set,675
48185,doormat fairy cake,674
79323s,"unsaleable, destroyed.",674
79030d,damages,664
22328,round snack boxes set of 4 fruits,658
79323g,"unsaleable, destroyed.",657
22030,??,635
22149,feltcraft 6 flower friends,623
22945,sold as set on dotcom,618
85172,?sold as sets?,600
85172,wrongly sold as sets,600
23201,jumbo bag alphabet,594
37370,damages/dotcom?,590
23056,flowers chandelier t-light holder,579
21830,"merchant chandler credit error, sto",576
20725,lunch bag red retrospot,574
23203,jumbo bag vintage doily,568
20974,12 pencils small tube skull,566
22219,???lost,550
35610b,thrown away,541
21787,rain poncho retrospot,528
23167,small ceramic top storage jar,525
72759,thrown away-can't sell.,524
72802c,vanilla scent candle jewelled box,505
72807a,wet pallet,504
23084,temp adjustment,484
22103,mirror mosaic t-light holder round,482
82600,historic computer difference?....se,458
22386,jumbo bag pink polkadot,456
72802b,ocean scent candle in jewelled box,454
22086,paper chain kit 50's christmas,453
22178,victorian glass hanging t-light,450
84406b,?,450
23207,lunch bag alphabet design,448
21830,?,443
22699,roses regency teacup and saucer,437
22564,alphabet stencil craft,437
22435,?missing,434
23057,beaded chandelier t-light holder,433
21829,sold as 1,432
23055,ivory chandelier t-light holder,432
35954,counted,430
72807c,???missing,428
22197,popcorn holder,427
79030g,damages,413
72807c,wet pallet,408
21439,basket of toadstools,408
23343,20713,400
21621,?,400
23055,rusty thrown away,398
22835,hot water bottle i am so poorly,394
22130,sold as set on dotcom,390
21201,???,390
84614a,thrown away,390
21830,oops ! adjustment,384
90057,crushed boxes,380
21212,pack of 72 retrospot cake cases,380
84596g,??,365
21232,strawberry ceramic trinket box,362
22796,not rcvd in 10/11/2010 delivery,360
85104,????damages????,355
22411,jumbo shopper vintage red paisley,354
82494l,wooden frame antique white,353
22910,paper chain kit vintage christmas,351
85175,dotcom sold sets,345
22191,ivory diner wall clock,344
21391,sold as 1 on dotcom,342
23090,missing,338
21688,mixed up,337
22572,??,335
21931,jumbo storage bag suki,334
22961,jam making set printed,331
22759,check,327
22950,36 doilies vintage christmas,324
22101,mirror mosaic votive holder,324
84809b,damaged,324
21689,wrong barcode,323
21843,red retrospot cake stand,322
22659,lunch box i love london,322
84946,antique silver t-light glass,316
16169e,check,313
22952,60 cake cases vintage christmas,312
84050,counted,310
72802a,wet pallet-thrown away,306
21135,sold as set on dotcom,304
22959,wrap christmas village,300
46000s,dotcom,300
21815,?,300
20733,gold mini tape measure,300
22051,?,300
22577,check,300
22070,small red retrospot mug in box,296
21135,victorian  metal postcard spring,296
18097c,white tall porcelain t-light holder,292
72802b,check,290
82580,bathroom metal sign,290
82599,?,290
85178,victorian sewing kit,289
84598,boys alphabet iron on patches,288
22481,wet boxes,288
22071,small white retrospot mug in box,286
85099c,jumbo  bag baroque black white,281
23057,rusty throw away,280
47566,party bunting,277
22561,wooden school colouring set,276
22630,dolly girl lunch box,275
22493,paint your own canvas set,273
21136,sold as set on dotcom,272
20867,?,271
23343,jumbo bag vintage christmas,271
22812,?,270
21591,check,267
22356,charlotte bag pink polkadot,266
21928,jumbo bag scandinavian blue paisley,265
84949,silver hanging t-light holder,263
23344,jumbo bag 50's christmas,262
85185b,?,259
22909,set of 20 vintage christmas napkins,259
22945,christmas metal tags assorted,258
22804,wrongly mrked had 85123a in box,256
85123a,wrongly marked carton 22804,256
85232b,set of 3 babushka stacking tins,255
21830,sold as 1,252
21578,?,251
22313,office mug warmer pink,250
85199l,?,250
85099f,jumbo bag strawberry,250
22960,jam making set with jars,247
22570,feltcraft cushion rabbit,245
20713,jumbo bag owls,243
23202,jumbo bag vintage leaf,242
22105,mirror mosaic goblet candle holder,240
40001,check,240
21811,check,240
20712,jumbo bag woodland animals,240
23157,set of 6 nativity magnets,240
21155,red retrospot peg bag,238
23169,smashed,235
22922,fridge magnets us diner assorted,234
82482,wooden picture frame white finish,233
22459,?lost,232
21098,damages?,231
20866,?,230
84613a,thrown away,230
85025c,barcode problem,230
22924,fridge magnets la vie en rose,229
75049l,large circular mirror mobile,228
21294,damaged,227
23284,doormat keep calm and come in,225
21499,blue polkadot wrap,225
72807a,???missing,224
20724,red retrospot charlotte bag,223
21929,jumbo bag pink vintage paisley,222
21351,damaged,220
20711,check,220
82583,?,220
22900,set 2 tea towels i love london,216
20728,lunch bag cars blue,214
21154,red retrospot oven glove,212
21272,?,212
85175,amazon sold sets,210
23056,rusty throw away,210
21786,check,209
47591b,?,207
22915,sold as set on dotcom,204
22834,hand warmer babushka design,203
84877d,?,203
82483,wood 2 drawer cabinet white finish,203
21035,set/2 red retrospot tea towels,200
23210,white rocking horse hand painted,200
23343,20713 wrongly marked,200
20893,damages/display,197
22492,mini paint set vintage,196
22588,card holder gingham heart,195
22569,feltcraft cushion butterfly,194
85036c,rose 1 wick morris boxed candle,193
22574,heart wooden christmas decoration,192
21090,wet/mouldy,192
23205,charlotte bag vintage alphabet,191
46000s,dotcom sales,190
23204,charlotte bag apples design,186
21731,red toadstool led night light,186
11001,asstd design racing car pen,185
21479,white skull hot water bottle,185
23004,travel card wallet pantry,184
37479p,??,184
22983,card billboard font,181
22152,check,179
35924,hanging fairy cake decoration,179
22719,wrong barcode (22467),178
22998,travel card wallet keep calm,177
22791,t-light glass fluted antique,177
22923,fridge magnets les enfants assorted,176
84978,hanging heart jar t-light holder,175
22959,check,175
84991,60 teatime fairy cake cases,174
22418,10 colour spaceboy pen,172
22568,?? missing,170
23155,knickerbockerglory magnet assorted,169
23318,box of 6 mini vintage crackers,168
22027,tea party birthday card,168
21192,check,164
22804,pink hanging heart t-light holder,164
84929,asstd fruit+flowers fridge magnets,163
84612b,thrown away,162
21937,?,161
20979,36 pencils tube red retrospot,160
72803a,damages,160
84879,damaged,160
22382,lunch bag spaceboy design,159
22568,feltcraft cushion owl,158
79191c,retro plastic elephant tray,158
21231,sweetheart ceramic trinket box,157
22933,baking mould easter egg milk choc,156
21682,?display?,156
22217,damages?,155
22720,set of 3 cake tins pantry design,154
20681,mia,154
84859c,wet?,153
22384,lunch bag pink polkadot,152
23300,gardeners kneeling pad cup of tea,152
85071a,blue charlie+lola personal doorsign,152
20956,check,152
21671,red spot ceramic drawer knob,152
22956,36 foil heart cake cases,152
22666,recipe box pantry yellow design,151
84763,display,150
84249a,check,150
22355,charlotte bag suki design,150
72807c,damages,149
22467,gumball coat rack,147
post,postage,147
20969,red floral feltcraft shoulder bag,145
22130,party cone christmas decoration,145
85172,check,145
22593,christmas gingham star,144
22383,lunch bag suki design,144
22595,christmas gingham heart,144
23228,filigree heart bird white,144
84800l,wet damaged,144
84754,s/15 silver glass baubles in bag,144
22697,green regency teacup and saucer,143
22969,homemade jam scented candles,140
21890,missing,140
20856,??,140
21314,small glass heart trinket pot,139
22698,pink regency teacup and saucer,138
21642,check,138
21810,check,135
22469,heart of wicker small,135
23200,jumbo bag pears,134
72807c,set/3 vanilla scented candle in box,134
21210,set of 72 retrospot paper  doilies,133
22578,wooden star christmas scandinavian,133
21980,pack of 12 red retrospot tissues,132
22536,magic drawing slate purdey,131
37327,damages,131
22363,glass jar marmalade,130
22575,missing?,130
22738,ribbon reel snowy village,130
84992,72 sweetheart fairy cake cases,130
15056bl,edwardian parasol black,130
21818,check,130
82582,??,130
22111,scottie dog hot water bottle,129
23002,travel card wallet skulls,128
22838,3 tier cake tin red and cream,128
20727,lunch bag  black skull.,128
22112,chocolate hot water bottle,128
71459,hanging jam jar t-light holder,126
22990,cotton apron pantry design,126
22522,check,126
16169e,wrap 50's  christmas,125
84804a,wet damaged,125
22449,can't find,125
72807b,????missing,124
21166,?,124
22752,set 7 babushka nesting boxes,124
22865,hand warmer owl design,123
22464,hanging metal heart lantern,122
23581,jumbo bag paisley park,122
23250,vintage red trim enamel bowl,121
23582,vintage doily jumbo bag red,121
22106,mirror mosaic hurricane lamp,121
20700,?,121
20829,glitter hanging butterfly string,120
22951,60 cake cases dolly girl design,120
23215,jingle bell heart antique silver,120
22932,baking mould toffee cup chocolate,120
20975,12 pencils small tube red retrospot,120
84012,magic sheep wool growing from paper,120
20866,blue rose fabric mirror,120
85232d,mix up with c,118
22385,jumbo bag spaceboy design,118
21642,assorted tutti frutti pen,118
23243,set of tea coffee sugar tins pantry,117
85111,check,117
23319,box of 6 mini 50's crackers,116
22963,jam jar with green lid,115
23301,gardeners kneeling pad keep calm,114
20719,woodland charlotte bag,112
22988,soldiers egg cup,112
21399,blue polkadot coffee mug,111
22866,hand warmer scotty dog design,111
21539,damages?,111
22652,check,111
23298,spotty bunting,110
21833,damages,110
20694,?,110
51014c,"feather pen,coal black",110
22171,3 hook photo shelf antique white,110
85231g,check,110
22719,wrong code,110
85132c,damages,109
22571,rocking horse red christmas,109
21829,dinosaur keyrings assorted,108
22948,sold as set on dotcom,108
23084,rabbit night light,108
16259,piece of camo stationery set,108
16054,popart rect pencil sharpener asst,108
85019c,damaged,108
22501,incorrectly put back into stock,108
20914,set/5 red retrospot lid glass bowls,107
22837,?,106
22156,heart decoration with pearls,105
84279p,check,104
22360,glass jar english confectionery,104
84945,multi colour silver t-light holder,103
21824,check,103
21673,white spot blue ceramic drawer knob,103
84801a,check,102
23172,regency tea plate pink,102
23165,large ceramic top storage jar,102
72807b,damages,101
22173,metal 4 hook hanger french chateau,101
21977,pack of 60 pink paisley cake cases,101
22577,wooden heart christmas scandinavian,101
22389,paperweight save the planet,100
22049,damaged,100
21621,re dotcom quick fix.,100
22501,picnic basket wicker large,100
46000m,dotcom sales,100
22467,wrong code?,100
85049d,?,100
22502,reverse 21/5/10 adjustment,100
22501,reverse 21/5/10 adjustment,100
20711,lost in space,98
85175,cacti t-light candles,98
23171,regency tea plate green,97
85132a,damaged,97
22579,wooden tree christmas scandinavian,96
84805a,wet damaged,96
22930,baking mould heart milk chocolate,96
23351,roll wrap 50's christmas,96
22818,card christmas village,96
23355,hot water bottle keep calm,96
23109,pack of six led tea lights,96
35957,smallfolkart bauble christmas dec,96
84805b,wet damaged,96
22892,set of salt and pepper toadstools,96
37327,sold as set on dotcom,95
84535b,fairy cakes notebook a6 size,95
84818,danish rose photo frame,95
21147,?,95
21257,?,94
21823,check,94
21619,check,94
23169,classic glass cookie jar,93
37482p,damaged,93
22181,check,92
21873,if you can't stand the heat mug,91
22979,pantry washing up brush,91
22523,?,90
23245,set of 3 regency cake tins,90
21014,check,90
22121,?,90
22915,assorted bottle top  magnets,90
21481,fawn blue hot water bottle,88
23256,childrens cutlery spaceboy,88
23307,set of 60 pantry design cake cases,88
23174,regency sugar bowl green,88
21166,cook with wine metal sign,87
21693,mixed up,87
21181,please one person metal sign,87
21703,bag 125g swirly marbles,87
21790,vintage snap cards,85
21868,potting shed tea mug,85
22962,jam jar with pink lid,85
23155,sold as set on dotcom,84
22553,plasters in tin skulls,84
21668,red stripe ceramic drawer knob,84
22398,magnets pack of 4 swallows,84
23225,cherub heart decoration silver,84
22569,?,84
51014l,"feather pen,light pink",84
22635,childs breakfast set dolly girl,84
21071,check,82
22114,hot water bottle tea and sympathy,82
10133,damaged,82
20726,lunch bag woodland,82
22333,retrospot party bag + sticker set,82
22980,pantry scrubbing brush,81
22667,recipe box retrospot,81
85172,hyacinth bulb t-light candles,81
85034a,damaged,81
21669,blue stripe ceramic drawer knob,80
79321,chilli lights,80
21537,?,80
21519,check,80
22147,check,80
22595,check,80
20839,damages,80
23175,regency milk jug pink,80
84879,assorted colour bird ornament,80
23006,travel card wallet flower meadow,78
35810a,check,78
22997,travel card wallet union jack,78
85136a,damages,77
23275,set of 3 hanging owls ollie beak,77
22087,paper bunting white lace,76
23071,marie antoinette trinket box gold,76
22942,christmas lights 10 santas,76
20977,36 pencils tube woodland,75
84380,set of 3 butterfly cookie cutters,75
22502,picnic basket wicker small,75
22978,pantry rolling pin,75
22207,frying pan union flag,75
22098,boudoir square tissue box,75
72802c,check,75
20723,strawberry charlotte bag,75
23230,wrap alphabet design,75
22045,spaceboy gift wrap,75
71279,damages,74
22303,coffee mug apples design,74
85152,hand over the chocolate   sign,74
22570,?,74
22792,damages,73
85023b,eau de nile jewelled photoframe,73
35970,zinc folkart sleigh bells,73
23208,lunch bag vintage leaf design,73
21121,set/10 red polkadot party candles,72
21198,white heart confetti in tube,72
23072,marie antoinette trinket box silver,72
51014a,"feather pen,hot pink",72
22693,grow a flytrap or sunflower in tin,72
22935,baking mould rose milk chocolate,72
84378,set of 3 heart cookie cutters,72
22936,baking mould rose white chocolate,72
22090,paper bunting retrospot,72
23120,pack of 6 small fruit straws,72
82583,hot baths metal sign,72
22336,damaged,71
22727,alarm clock bakelike red,71
23064,cinderella chandelier,71
21975,pack of 60 dinosaur cake cases,71
17012b,check,70
22142,check,70
84818,damages,70
22153,angel decoration stars on dress,70
37446,mini cake stand with hanging cakes,69
84755,colour glass t-light holder hanging,69
22776,sweetheart cakestand 3 tier,69
21670,blue spot ceramic drawer knob,69
22231,jigsaw tree with birdhouse,69
20827,damages,68
22993,set of 4 pantry jelly moulds,68
22456,natural slate chalkboard large,68
22470,heart of wicker large,68
20803,small pink glass sundae dish,68
22138,baking set 9 piece retrospot,68
22439,6 rocket balloons,68
84029e,red woolly hottie white heart.,67
21915,red  harmonica in box,67
72817,check,67
22364,glass jar digestive biscuits,67
20685,doormat red retrospot,66
84032b,charlie + lola red hot water bottle,66
22556,plasters in tin circus parade,66
23494,vintage doily deluxe sewing kit,65
22637,damages,65
23071,damages,65
22458,missing,65
22094,red retrospot tissue box,65
23309,set of 60 i love london cake cases,64
22778,glass cloche small,64
85125,check,64
23108,set of 10 led dolly lights,64
22379,recycling bag retrospot,64
22232,jigsaw toadstools 3 piece,64
23035,check,64
84406b,incorrectly made-thrown away.,64
23198,pantry magnetic  shopping list,64
21843,smashed,63
21018,damaged,63
23322,large white heart of wicker,63
23288,check,63
23083,set 6 paper table lantern stars,63
21320,broken,63
23187,check,62
22892,check,62
21530,dairy maid toastrack,61
47574a,check,61
23154,set of 4 jam jar magnets,61
22580,advent calendar gingham sack,61
21974,set of 36 paisley flower doilies,61
21258,victorian sewing box large,61
s,samples,60
16237,sleeping cat erasers,60
84459a,pink metal chicken heart,60
84799,sprig lavender artificial flower,60
90191,??,60
22339,check,60
23212,heart wreath decoration with bell,60
22127,dotcom sold in 6's,60
21984,pack of 12 pink paisley tissues,60
22668,pink baby bunting,60
84826,asstd design 3d paper stickers,60
23158,set of 5 lucky cat magnets,60
23077,doughnut lip gloss,60
23354,6 gift tags 50's christmas,60
22938,cupcake lace paper set 6,60
23032,damages,60
21672,white spot red ceramic drawer knob,59
21810,christmas hanging star with bell,59
21735,damages,59
85035a,check,59
23206,lunch bag apple design,59
22591,cardholder gingham christmas tree,59
85096,label mix up,59
84944,set of 6 kashmir folkart baubles,58
23251,vintage red enamel trim mug,58
23221,reindeer heart decoration silver,58
48185,?,57
47590b,check,57
21397,damaged,57
21733,red hanging heart t-light holder,57
21888,check,57
23348,sold with wrong barcode,57
15056n,edwardian parasol natural,57
37342,polkadot coffee cup & saucer pink,56
22083,paper chain kit retrospot,56
22088,paper bunting coloured lace,56
22128,party cones candy assorted,56
72807a,damages,56
21936,red retrospot picnic bag,56
35648,check,56
23249,vintage red enamel trim plate,55
22637,piggy bank retrospot,55
23163,regency sugar tongs,55
22796,photo frame 3 classic hanging,55
20893,damages,55
21537,red retrospot pudding bowl,55
23168,classic cafe sugar dispenser,54
21618,check,54
71477,coloured glass star t-light holder,54
72802c,damages,54
22629,spaceboy lunch box,54
22810,set of 6 t-lights snowmen,54
21181,check,54
21591,cosy hour cigar box matches,54
51020b,adjust,53
22867,hand warmer bird design,53
22766,photo frame cornice,53
22186,red star card holder,53
22689,doormat merry christmas red,52
22299,pig keyring with light & sound,52
22694,wicker star,52
84352,damages/samples,52
47599b,blue party bags,52
23173,regency teapot roses,52
22907,pack of 20 napkins pantry design,52
22457,natural slate heart chalkboard,52
21845,dairy maid stripe mug,52
22741,funky diva pen,51
22621,traditional knitting nancy,51
21238,red retrospot cup,51
23287,red vintage spot beaker,51
22941,christmas lights 10 reindeer,51
23110,parisienne key cabinet,51
21498,red retrospot wrap,50
22052,vintage caravan gift wrap,50
22730,alarm clock bakelike ivory,50
84969,check,50
22968,water damage,50
22711,wrap circus parade,50
22710,wrap i love london,50
23072,damages,50
72802a,?,50
23146,triple hook antique ivory rose,50
21167,white sage incense,50
21190,pink hearts paper garland,50
22704,wrap red apples,50
84584,?,50
22669,red baby bunting,50
20961,strawberry bath sponge,50
37449,ceramic cake stand + hanging cakes,50
85135c,damages,49
23286,blue vintage spot beaker,49
21122,set/10 pink polkadot party candles,49
21124,set/10 blue polkadot party candles,49
84625c,blue new baroque candlestick candle,49
22781,gumball magazine rack,49
22995,travel card wallet suki,49
22263,felt egg cosy ladybird,49
23131,?,49
37495,fairy cake birthday candle set,49
21218,red spotty biscuit tin,49
85230e,damaged,48
84801a,wet damaged,48
22700,smashed,48
21830,assorted creepy crawlies,48
22857,sold as set on dotcom,48
23267,set of 4 santa place settings,48
22535,magic drawing slate bunnies,48
21811,hanging heart with bell,48
21199,pink  heart confetti in tube,48
22725,alarm clock bakelike chocolate,48
84536b,fairy cakes notebook a7 size,48
22586,feltcraft hairband pink and blue,48
85230g,orange votive candle,48
22211,wood stamp set flowers,48
23078,ice cream pen lip gloss,48
21109,wet,48
23226,filigree heart daisy white,48
21213,pack of 72 skull cake cases,48
22155,star decoration rustic,48
22057,ceramic plate strawberry design,48
22537,magic drawing slate dinosaur,48
84422,pink/blue disc/mirror string,48
47351b,blue  voile lampshade,48
16219,house shape pencil sharpener,48
21484,chick grey hot water bottle,48
23433,hanging quilted patchwork apples,47
22286,check,47
23263,set of 3 wooden heart decorations,47
20984,damaged,46
23032,drawer knob crackle glaze ivory,46
22417,pack of 60 spaceboy cake cases,46
23247,biscuit tin 50's christmas,46
22149,check,46
21891,traditional wooden skipping rope,46
23176,abc treasure book box,45
21622,damages,45
37448,ceramic cake design spotted mug,45
90195a,check,45
22585,pack of 6 birdy gift tags,45
22798,antique glass dressing table pot,45
22236,cake stand 3 tier magic garden,45
46000s,polyester filler pad 40x40cm,44
22197,small popcorn holder,44
22144,christmas craft little friends,44
35817p,thrown away,44
23144,zinc t-light holder stars small,44
22847,bread bin diner style ivory,44
22544,mini jigsaw spaceboy,43
35833g,damages,43
21260,first aid tin,43
22271,check,43
35915c,damaged,43
22198,large popcorn holder,43
21899,"key fob , garage design",43
85175,check,42
35923,check,42
22558,clothes pegs retrospot pack 24,42
22139,retrospot tea set ceramic 11 pc,42
84406b,cream cupid hearts coat hanger,42
22427,enamel flower jug cream,42
22922,sold as set on dotcom,42
22897,oven mitt apples design,42
21068,vintage billboard love/hate mug,42
22944,sold as set on dotcom,42
21463,mirrored disco ball,42
21429,red gingham rose jewellery box,42
21876,pottering mug,42
22084,paper chain kit empire,41
22784,lantern cream gazebo,41
22726,alarm clock bakelike green,41
22587,check,41
22728,alarm clock bakelike pink,41
82486,3 drawer antique white wood cabinet,41
22634,childs breakfast set spaceboy,41
85048,15cm christmas glass ball 20 lights,41
85066,cream sweetheart mini chest,41
21208,pastel colour honeycomb fan,41
84581,check,41
21430,set/3 red gingham rose storage box,41
22649,strawberry fairy cake teapot,40
22737,ribbon reel christmas present,40
22149,damages,40
22927,?,40
22494,emergency first aid tin,40
22423,damages,40
20803,damages,40
35241,damages?,40
22043,check,40
21424,damages,40
22326,round snack boxes set of4 woodland,40
22602,retrospot wooden heart decoration,40
23322,mouldy,40
22217,t-light holder hanging lace,40
22579,dotcom,40
21159,damaged,40
21793,check,40
85159a,"black tea,coffee,sugar jars",40
85054,check,39
71053,white metal lantern,39
84508a,check,39
20802,small glass sundae dish clear,39
21098,christmas toilet roll,39
82494l,cracked,39
23000,travel card wallet transport,39
21927,blue/cream stripe cushion cover,39
21156,retrospot childrens apron,39
21781,damages?,39
22307,gold mug bone china tree of life,39
22268,decoration sitting bunny,39
23321,small white heart of wicker,39
23358,hot stuff hot water bottle,38
82600,no singing metal sign,38
22041,"record frame 7"" single size",38
22965,3 traditional biscuit cutters  set,38
85159b,"white tea,coffee,sugar jars",38
21803,check,38
22837,hot water bottle babushka,37
84817,danish rose decorative plate,37
85103,silver t-light setting,37
23194,gymkhana treasure book box,37
22380,toy tidy spaceboy,37
20652,check,37
23187,french style storage jar bonbons,37
22614,pack of 12 spaceboy tissues,37
35004c,set of 3 coloured  flying ducks,36
21519,gin & tonic diet greeting card,36
22609,pens assorted spaceball,36
47503a,ass floral print multi screwdriver,36
21090,set/6 collage paper plates,36
23209,lunch bag vintage doily,36
21850,blue  diamante pen in gift box,36
21700,big doughnut fridge magnets,36
90058b,crystal stud earrings assorted col,36
72818,christmas decoupage candle,36
21655,hanging ridge glass t-light holder,36
90058a,crystal stud earrings clear display,36
22342,home garland painted zinc,36
23119,pack of 6 large fruit straws,36
21284,retrospot candle  small,36
21914,blue harmonica in box,36
21791,vintage heads and tails card game,36
85136c,damages,36
21801,christmas tree decoration with bell,36
23380,pack of 12 vintage doily tissues,36
21240,blue polkadot cup,36
20893,hanging bauble t-light holder small,36
23302,kneeling mat housework  design,36
72586,set of 6 halloween ghost t-lights,36
37450,ceramic cake bowl + hanging cakes,36
22768,family photo frame cornice,36
85035b,check,36
84968e,check,35
22488,natural slate rectangle chalkboard,35
23324,rustic strawberry jam pot large,35
22767,triple photo frame cornice,35
84078a,set/4 white retro storage cubes,35
84836,zinc metal heart decoration,35
21394,damages,35
22367,childrens apron spaceboy design,35
20718,red retrospot shopper bag,35
21428,set3 book box green gingham flower,35
21242,red retrospot plate,35
20751,check,35
22064,pink doughnut trinket pot,35
22972,children's spaceboy mug,34
22943,christmas lights 10 vintage baubles,34
22597,musical zinc heart decoration,34
23075,parlour ceramic wall hook,34
22046,tea party  wrapping paper,34
22077,6 ribbons rustic charm,34
21527,red retrospot traditional teapot,34
23347,i love london beaker,34
22294,heart filigree dove  small,34
22940,feltcraft christmas fairy,34
23462,damages,34
22242,5 hook hanger magic toadstool,34
22362,glass jar peacock bath salts,33
23252,vintage red enamel trim jug,33
22943,check,33
21735,two door curio cabinet,33
22654,deluxe sewing kit,33
22429,enamel measuring jug cream,33
23112,parisienne curio cabinet,33
21932,scandinavian paisley picnic bag,33
82494l,crushed ctn,33
22631,circus parade lunch box,33
23048,set of 10 lanterns fairy light star,33
22109,full english breakfast plate,33
22859,easter tin bunny bouquet,32
22444,grow your own plant in a can,32
84313b,damaged,32
21535,red retrospot small milk jug,32
90180a,stock check,32
20801,large pink glass sundae dish,32
amazonfee,amazon fee,32
84536a,english rose notebook a7 size,32
21533,retrospot large milk jug,32
22474,spaceboy tv dinner tray,32
84947,antique silver tea glass engraved,32
23293,set of 12 fairy cake baking cases,32
21627,check,32
22169,family album white picture frame,32
85103,stock creditted wrongly,32
21658,glass  beurre dish,32
22339,christmas tree painted zinc,31
22646,ceramic strawberry cake money bank,31
84692,box of 24 cocktail parasols,31
22729,alarm clock bakelike orange,31
21313,glass heart t-light holder,31
21527,damages,30
22891,tea for one polkadot,30
21275,?,30
22809,set of 6 t-lights santa,30
22994,travel card wallet retrospot,30
22586,check,30
22576,check,30
21820,glitter heart garland with bells,30
22771,clear drawer knob acrylic edwardian,30
22667,damaged,30
85116,black candelabra t-light holder,30
21833,camouflage led torch,30
22680,french blue metal door sign 5,30
23412,?,30
47559b,tea time oven glove,30
22025,check,30
35004b,set of 3 black flying ducks,30
84422,dagamed,30
22722,set of 6 spice tins pantry design,30
23118,breakages,30
20840,damages,30
22079,ribbon reel hearts design,30
22924,sold as set on dotcom,30
22653,button box,30
37479b,sold as set by dotcom,30
37479p,sold as set on dotcom,30
23022,small bonne jam jar  t-light holder,30
22734,set of 6 ribbons vintage christmas,30
22856,sold as set on dotcom,30
15058c,wet/rusty,30
15058a,wet/rusty,30
21258,?,29
84792,enchanted bird coathanger 5 hook,29
85215,damaged,29
22427,damages,29
84609,damages,29
82486,wood s/3 cabinet ant white finish,29
21976,pack of 60 mushroom cake cases,29
22636,childs breakfast set circus parade,29
22632,hand warmer red retrospot,29
22617,baking set spaceboy design,29
23404,home sweet home blackboard,29
22196,small heart measuring spoons,29
85194s,hanging spring flower egg small,29
22551,plasters in tin spaceboy,29
22554,plasters in tin woodland animals,29
22890,novelty biscuits cake stand 3 tier,29
22844,vintage cream dog food container,28
23236,storage tin vintage doily,28
84997b,red 3 piece retrospot cutlery set,28
22775,purple drawerknob acrylic edwardian,28
22424,enamel bread bin cream,28
90210d,check,28
21165,check,28
21621,vintage union jack bunting,28
22600,christmas retrospot star wood,28
22176,check,28
84032a,charlie+lola pink hot water bottle,28
21340,classic metal birdcage plant holder,28
23082,set 6 paper table lantern hearts,28
23076,ice cream sundae lip gloss,28
85194l,hanging spring flower egg large,28
21452,toadstool money box,28
23239,set of 4 knick knack tins poppies,28
21868,check,28
23029,drawer knob crackle glaze green,28
85053,french enamel candleholder,28
21875,kings choice mug,28
23103,jingle bell heart decoration,28
21067,vintage red teatime mug,27
21311,set/4 bird mirror magnets,27
22366,doormat airmail,27
22557,plasters in tin vintage paisley,27
22381,toy tidy pink polkadot,27
22675,french kitchen sign blue metal,27
23296,set of 6 tea time baking cases,27
23242,treasure tin buffalo bill,27
22181,snowstorm photo frame fridge magnet,27
22113,grey heart hot water bottle,27
35611b,thrown away,27
22797,damages,27
84750a,pink small glass cake stand,27
23240,set of 4 knick knack tins doily,27
22465,hanging metal star lantern,27
21889,wooden box of dominoes,26
22996,travel card wallet vintage ticket,26
21908,chocolate this way metal sign,26
23297,set 40 heart shape petit four cases,26
22633,hand warmer union jack,26
72818,check,26
21870,i can only please one person mug,26
47590b,pink happy birthday bunting,26
22957,set 3 paper vintage chick paper egg,26
22312,office mug warmer polkadot,26
22567,20 dolly pegs retrospot,26
22219,lovebird hanging decoration white,26
84743c,damages,26
23232,wrap vintage leaf design,26
15039,sandalwood fan,26
23395,check,26
21615,check,26
22846,bread bin diner style red,26
16161p,wrap english rose,25
23197,sketchbook magnetic shopping list,25
21381,mini wooden happy birthday garland,25
21644,assorted tutti frutti heart box,25
84997d,pink 3 piece polkadot cutlery set,25
22487,white wood garden plant ladder,25
22810,check,25
22039,botanical lily gift wrap,25
22048,birthday banquet gift wrap,25
23159,set of 5 pancake day magnets,25
84970s,hanging heart zinc t-light holder,25
bank charges,bank charges,25
22050,pink paisley rose gift wrap,25
22049,wrap christmas screen print,25
22986,wrap gingham rose,25
35648,vintage bead pink purse,25
22708,wrap dolly girl,25
22706,wrap cowboys,25
22705,wrap green pears,25
22047,empire gift wrap,25
22784,damages,25
22780,light garland butterfiles pink,25
21495,skulls and crossbones wrap,25
23233,wrap poppies  design,25
23232,wrap vintage petals  design,25
22719,sold as 22467,25
22779,wooden owls light garland,25
16161u,wrap suki and friends,25
22712,card dolly girl,25
22596,christmas star wish list chalkboard,25
22158,3 hearts hanging decoration rustic,25
22163,heart string memo holder hanging,25
84249a,damaged,25
21832,chocolate calculator,25
72741,grand chocolatecandle,25
23118,parisienne jewellery drawer,24
22776,sweetheart 3 tier cake stand,24
84828,jungle popsicles ice lolly moulds,24
23111,parisienne sewing box,24
21033,taig adjust no stock,24
85035c,check,24
21084,set/6 collage paper cups,24
23222,christmas tree hanging gold,24
47503h,check,24
21123,set/10 ivory polkadot party candles,24
20984,12 pencils tall tube posy,24
22530,magic drawing slate dolly girl,24
84800l,large white/pink rose art flower,24
22399,magnets pack of 4 childhood memory,24
22332,skulls party bag + sticker set,24
22533,magic drawing slate bake a cake,24
23211,red rocking horse hand painted,24
22599,christmas musical zinc star,24
21645,assorted tutti frutti round box,24
47469,assorted shapes photo clip silver,24
20972,pink cream felt craft trinket box,24
82484,wood black board ant white finish,24
21650,assorted tutti frutti bracelet,24
22616,pack of 12 london tissues,24
22291,hanging chick cream decoration,24
21288,stripey chocolate nesting boxes,24
22212,four hook  white lovebirds,24
23392,spaceboy rocket lolly makers,24
85199s,small hanging ivory/red wood bird,24
23349,roll wrap vintage christmas,24
22301,coffee mug cat + bird design,24
21285,retrospot candle  medium,24
23376,pack of 12 vintage christmas tissue,24
22718,card cat and tree,24
22759,set of 3 notebooks in parcel,24
22193,red diner wall clock,24
23350,roll wrap vintage spot,24
23353,6 gift tags vintage christmas,24
22128,sold as set on dotcom,24
22161,heart decoration rustic hanging,24
21158,moody girl door hanger,24
84951a,set of 4 pistachio lovebird coaster,24
23156,set of 5 mini grocery magnets,24
22902,tote bag i love london,24
22982,pantry pastry brush,24
21824,painted metal star with holly bells,24
22686,french blue metal door sign no,24
22989,set 2 pantry design tea towels,24
35833p,check,24
72816,set/3 christmas decoupage candles,24
72817,set of 2 christmas decoupage candle,24
79163,sold as set on dotcom,24
22625,red kitchen scales,24
35965,folkart heart napkin rings,24
35953,folkart star christmas decorations,24
23041,paper lantern 9 point snow star,24
22059,ceramic strawberry design mug,24
21916,set 12 retro white chalk sticks,24
21983,pack of 12 blue paisley tissues,24
84926f,psychedelic tile coaster,24
47590a,blue happy birthday bunting,24
22336,dove decoration painted zinc,23
21352,check,23
85036b,check,23
84247e,pack of 12 christmas fun cards,23
21539,red retrospot butter dish,23
23240,set of 4 knick knack tins doiley,23
23348,childrens toy cooking utensil set,23
48129,doormat topiary,23
37370,retro coffee mugs assorted,23
22055,mini cake stand  hanging strawbery,23
22461,savoy art deco clock,23
20676,red retrospot bowl,22
35818b,adjustment,22
22973,children's circus parade mug,22
21874,gin and tonic mug,22
22065,christmas pudding trinket pot,22
22665,recipe box blue sketchbook design,22
85208,check,22
23203,jumbo bag doiley patterns,22
20717,strawberry shopper bag,22
22823,test,22
21232,strawberry ceramic trinket pot,22
22700,black and white dog bowl,22
21786,polkadot rain hat,22
21788,kids rain mac blue,22
23483,hanging  butterfly t-light holder,22
21636,check,22
22967,set 3 song bird paper eggs assorted,22
21626,vintage union jack pennant,22
17012c,check,22
22508,doorstop retrospot heart,22
21394,red polkadot beaker,22
22220,cake stand lovebird 2 tier white,22
20711,jumbo bag toys,22
84849d,hot baths soap holder,22
23393,home sweet home cushion cover,21
84508c,check,21
22856,assorted easter decorations  bells,21
22233,jigsaw rabbit and birdhouse,21
22946,check,21
22192,blue diner wall clock,21
22179,set 10 night owl lights,21
23406,check,21
82581,toilet metal sign,21
21744,check,21
22628,picnic boxes set of 3 retrospot,21
21239,pink  polkadot cup,21
21197,multicolour  confetti in tube,21
21781,ma campagne cutlery box,21
21034,rex cash+carry jumbo shopper,21
22338,star decoration painted zinc,21
84816,damages,21
21326,aged glass silver t-light holder,21
84031b,charlie lola blue hot water bottle,21
22107,pizza plate in box,21
23292,spaceboy childrens cup,21
22555,plasters in tin strongman,21
22893,mini cake stand t-light holder,21
22840,round cake tin vintage red,20
22436,12 coloured party balloons,20
84968f,check,20
20682,red retrospot childrens umbrella,20
21714,citronella candle garden pot,20
21705,bag 500g swirly marbles,20
22968,rose cottage keepsake box,20
21620,check,20
23045,paper lantern 5 point star moon,20
23661,milk maids mug,20
23445,ice cream bubbles,20
22601,check,20
23480,mini lights woodland mushrooms,20
22618,cooking set retrospot,20
23031,drawer knob crackle glaze pink,20
23029,damages,20
85161,samples/damages,20
22974,childrens dolly girl mug,20
21205,multicolour 3d balls garland,20
21864,union jack flag passport cover,20
21844,red retrospot mug,20
22082,ribbon reel stripes design,20
21789,kids rain mac pink,20
84625a,pink new baroquecandlestick candle,20
21289,large stripes chocolate gift bag,20
23193,buffalo bill treasure book box,20
21485,retrospot heart hot water bottle,20
84665,square cherry blossom cabinet,20
85034c,3 rose morris boxed candles,20
22430,enamel watering can cream,20
23177,treasure island book box,20
82613b,"metal sign,cupcake single hook",20
23254,childrens cutlery dolly girl,20
22248,decoration  pink chick magic garden,20
85186c,bunny egg garland,20
82613c,"metal sign,cupcake single hook",20
22180,retrospot lamp,20
82613d,metal sign cupcake single hook,20
84031a,charlie+lola red hot water bottle,20
21754,home building block word,20
22460,embossed glass tealight holder,19
21209,multicolour honeycomb fan,19
84946,antique silver tea glass etched,19
40001,white bamboo ribs lampshade,19
21656,samples,19
20981,12 pencils tall tube woodland,19
22072,red retrospot tea cup and saucer,19
22801,antique glass pedestal bowl,19
22503,cabin bag vintage paisley,19
21306,set/4 daisy mirror magnets,19
22842,biscuit tin vintage red,19
82582,area patrolled metal sign,19
22170,picture frame wood triple portrait,19
23400,check,19
22896,peg bag apples design,18
22434,balloon pump with 10 balloons,18
90012a,stock check,18
22413,metal sign take it or leave it,18
22357,kings choice biscuit tin,18
22345,party pizza dish blue polkadot,18
22762,cupboard 3 drawer ma campagne,18
23462,rococo wall mirror white,18
21622,vintage union jack cushion cover,18
37340,sold as set on dotcom,18
22808,set of 6 t-lights easter chicks,18
48189,damaged,18
23485,botanical gardens wall clock,18
21169,you're confusing me metal sign,18
23325,rustic strawberry jam pot small,18
22343,party pizza dish red retrospot,18
23288,green vintage spot beaker,18
22466,fairy tale cottage night light,17
22645,ceramic heart fairy cake money bank,17
35971,rose folkart heart decorations,17
21906,pharmacie first aid tin,17
22662,lunch bag dolly girl design,17
22624,ivory kitchen scales,17
37447,ceramic cake design spotted plate,17
23382,box of 6 christmas cake decorations,17
22306,silver mug bone china tree of life,17
22946,wooden advent calendar cream,17
22748,poppy's playhouse kitchen,17
22329,round container set of 5 retrospot,17
21080,set/20 red retrospot paper napkins,17
85040a,s/4 pink flower candles in bowl,17
21318,glass chalice blue small,17
22795,sweetheart recipe book stand,17
22061,large cake stand  hanging strawbery,16
22060,large cake stand hanging hearts,16
71038,check,16
22774,red drawer knob acrylic edwardian,16
23234,biscuit tin vintage christmas,16
84849a,hello sailor blue soap holder,16
23238,set of 4 knick knack tins london,16
21216,"set 3 retrospot tea,coffee,sugar",16
20985,heart calculator,16
20978,36 pencils tube skulls,16
23126,feltcraft girl amelie kit,16
22509,sewing box retrospot design,16
21918,set 12 kids colour  chalk sticks,16
22352,lunch box with cutlery retrospot,16
21259,victorian sewing box small,16
79030g,water damaged,16
79190b,retro plastic polka tray,16
90185c,black diamante expandable ring,16
21937,strawberry   picnic bag,16
cruk,cruk commission,16
21713,citronella candle flowerpot,16
23660,henrietta hen mug,16
22672,french bathroom sign blue metal,16
23431,natural hanging quilted hearts,16
35400,wooden box advent calendar,16
22141,christmas craft tree top angel,16
22971,queens guard coffee mug,16
22701,pink dog bowl,16
84279p,cherry blossom  decorative flask,16
23367,set 12 colour pencils spaceboy,16
23374,red spot paper gift bag,16
23372,set 36 colour pencils dolly girl,16
22244,3 hook hanger magic garden,16
22230,jigsaw tree with watering can,16
84596f,small marshmallows pink bowl,16
22970,london bus coffee mug,16
22251,birdhouse decoration magic garden,16
84596b,small dolly mix design orange bowl,16
21872,glamorous  mug,16
23086,zinc  star t-light holder,16
22623,box of vintage jigsaw blocks,16
23526,wall art dog licence,16
22849,bread bin diner style mint,15
23436,vintage christmas gift bag large,15
22627,mint kitchen scales,15
20857,blue rose patch purse pink butterfl,15
20931,blue pot plant candle,15
21746,small red retrospot windmill,15
21888,bingo set,15
22148,easter craft 4 chicks,15
22426,check,15
22652,travel sewing kit,15
22272,damaged,15
23265,set of 3 wooden tree decorations,15
84766,silver rococo candle stick,15
85049e,scandinavian reds ribbons,15
22327,round snack boxes set of 4 skulls,15
21244,blue polkadot plate,15
23147,single antique rose hook ivory,15
84987,set of 36 teatime paper doilies,15
21137,black record cover frame,15
22926,ivory giant garden thermometer,15
84660a,damaged,15
84665,water damaged,15
22860,easter tin chicks pink daisy,15
23089,glass bon bon jar,15
21531,red retrospot sugar jam bowl,15
20665,adjustment,15
22812,pack 3 boxes christmas pannetone,15
23087,zinc  heart t-light holder,15
23311,vintage christmas stocking,15
22432,watering can pink bunny,14
22927,green giant garden thermometer,14
21926,red/cream stripe cushion cover,14
85049g,chocolate box ribbons,14
21363,home small wood letters,14
22371,airline bag vintage tokyo 78,14
23235,storage tin vintage leaf,14
22939,apron apple delight,14
22797,chest of drawers gingham heart,14
23237,set of 4 knick knack tins leaf,14
84912b,damaged,14
84976,rectangular shaped mirror,14
20934,set/3 pot plant candles,14
22964,3 piece spaceboy cookie cutter set,14
20854,blue patch purse pink heart,14
23079,toadstool bedside light,14
22731,3d christmas stamps stickers,14
21812,garland with hearts and bells,14
21819,check,14
23408,photo frame linen and lace small,14
21528,dairy maid traditional teapot,14
22584,pack of 6 panettone gift boxes,14
84050,pink heart shape egg frying pan,14
21559,strawberry lunch box with cutlery,14
23026,drawer knob vintage glass star,14
84029g,knitted union flag hot water bottle,14
20774,damaged,14
21730,glass star frosted t-light holder,14
23182,toilet sign occupied or vacant,14
23224,cherub heart decoration gold,14
21179,damaged,14
22845,vintage cream cat food container,14
22839,3 tier cake tin green and cream,14
21933,pink vintage paisley picnic bag,13
21903,man flu metal sign,13
21907,i'm on holiday metal sign,13
22851,set 20 napkins fairy cakes design,13
22841,round cake tin vintage green,13
21987,pack of 6 skull paper cups,13
22684,french blue metal door sign 9,13
21172,party metal sign,13
22423,faulty,13
23184,bull dog bottle opener,13
22661,charlotte bag dolly girl design,13
21586,kings choice giant tube matches,13
82483,crushed,13
22622,box of vintage alphabet blocks,13
85199l,large hanging ivory & red wood bird,13
22168,organiser wood antique white,13
23486,antique heart shelf unit,13
21534,dairy maid large milk jug,13
22976,circus parade childrens egg cup,13
22674,french toilet sign blue metal,13
22944,christmas metal postcard with bells,13
22284,hen house decoration,13
35810b,enamel blue rim coffee container,13
22736,ribbon reel making snowmen,13
22745,poppy's playhouse bedroom,13
84375,set of 20 kids cookie cutters,13
85131a,beaded pearl heart white on stick,13
84988,set of 72 pink heart paper doilies,13
23196,vintage leaf magnetic notepad,13
22300,coffee mug dog + ball design,13
22937,baking mould chocolate cupcakes,13
22805,blue drawer knob acrylic edwardian,13
21917,set 12 kids  white chalk sticks,13
23148,miniature antique rose hook ivory,13
22325,mobile vintage hearts,13
22349,dog bowl chasing ball design,13
46138b,blue chenille shaggy cushion cover,13
22863,soap dish brocante,13
84997a,childrens cutlery polkadot green,13
23188,vintage  2 meter folding ruler,13
22068,black pirate treasure chest,13
23295,set of 12 mini loaf baking cases,13
23127,feltcraft girl nicole kit,13
23294,set of 6 snack loaf baking cases,13
84688,beach hut design blackboard,13
23313,vintage christmas bunting,13
23320,giant 50's christmas cracker,13
21878,pack of 6 sandcastle flags assorted,13
21455,painted yellow wooden daisy,13
23085,antique silver bauble lamp,13
85118,heart t-light holder,13
21892,traditional wooden catch cup game,13
22603,christmas retrospot tree wood,13
22208,wood stamp set thank you,13
21991,bohemian collage stationery set,12
23213,star wreath decoration with bell,12
22855,fine wicker heart,12
21165,beware of the cat metal sign,12
48138,doormat union flag,12
21990,modern floral stationery set,12
22361,glass jar daisy fresh cotton wool,12
22132,red love heart shape cup,12
20658,red retrospot luggage tag,12
22714,card birthday cowboy,12
22673,french garden sign blue metal,12
21821,glitter star garland with bells,12
20838,french lattice cushion cover,12
85169a,ivory love bird candle,12
85169c,eau de nil love bird candle,12
20821,goldie looking mirror,12
21507,elephant birthday card,12
21506,"fancy font birthday card,",12
20836,french paisley cushion cover,12
23470,card holder love bird large,12
23497,classic chrome bicycle bell,12
79066k,retro mod tray,12
21581,skulls  design  cotton tote bag,12
21677,hearts  stickers,12
21643,assorted tutti frutti mirror,12
82578,kitchen metal sign,12
23413,vintage coffee grinder box,12
22664,toy tidy dolly girl design,12
21747,small skull windmill,12
23220,reindeer heart decoration gold,12
23223,christmas tree hanging silver,12
22435,set of 9 heart shaped balloons,12
21179,no junk mail metal sign,12
79191d,retro plastic daisy tray,12
79191b,retro plastic polka tray,12
21696,small silver trellis candlepot,12
22681,french blue metal door sign 6,12
22683,french blue metal door sign 8,12
21675,butterflies stickers,12
47580,tea time des tea cosy,12
21942,skulls design flannel,12
22746,poppy's playhouse livingroom,12
22093,motoring tissue box,12
21846,pink diamante pen in gift box,12
23333,ivory wicker heart medium,12
22120,welcome  wooden block letters,12
35651,vintage bead pink scarf,12
22918,herb marker parsley,12
22917,herb marker rosemary,12
22948,metal decoration naughty children,12
22949,36 doilies dolly girl,12
23315,ivory refectory clock,12
22821,gift bag psychedelic apples,12
22295,heart filigree dove large,12
22287,decoration wobbly chicken,12
22073,red retrospot storage jar,12
21880,red retrospot tape,12
20675,blue polkadot bowl,12
22116,metal sign his dinner is served,12
22075,6 ribbons elegant christmas,12
84251b,"greeting card, sticky gordon",12
21507,"elephant, birthday card,",12
21508,vintage kid dolly card,12
23352,roll wrap 50's red christmas,12
23335,egg frying pan ivory,12
20897,vintage notebook paris days,12
20840,french floral cushion cover,12
22582,pack of 6 sweetie gift boxes,12
22647,ceramic love heart money bank,12
22615,pack of 12 circus parade tissues,12
22209,wood stamp set happy birthday,12
21059,party invites dinosaurs,12
21058,party invites woodland,12
23140,triple wire hook ivory heart,12
23139,single wire hook pink heart,12
23138,single wire hook ivory heart,12
21373,mirrored wall art snowflakes,12
22522,childs garden fork blue,12
22523,childs garden fork pink,12
22074,6 ribbons shimmering pinks,12
22246,magic garden felt garland,12
23106,zinc hearts plant pot holder,12
23289,dolly girl childrens bowl,12
90014a,check,12
37471,sold as set on dotcom,12
21911,garden metal sign,12
22302,coffee mug pears  design,12
23266,set of 3 wooden stocking decoration,12
22916,herb marker thyme,12
22792,fluted antique candle holder,12
23268,set of 2 ceramic christmas reindeer,12
22491,pack of 12 coloured pencils,12
21257,victorian sewing box medium,12
21039,red retrospot shopping bag,12
84821,danish rose deluxe coaster,12
22322,bird decoration green polkadot,12
84832,zinc willie winkie  candle stick,12
22042,christmas card singing angel,12
70007,hi tec alpine hand warmer,12
22804,candleholder pink hanging heart,12
21066,vintage red mug,12
85049a,traditional christmas ribbons,12
84798a,pink foxglove artiifcial flower,12
21088,set/6 fruit salad paper cups,12
85032d,yuletide images gift wrap set,12
85032c,curious images gift wrap set,12
85019c,curious  images notebook set,12
85017b,envelope 50 blossom images,12
23161,regency cake fork,12
21224,set/4 skull badges,12
22340,noel garland painted zinc,12
47013c,wine bottle dressing dark blue,12
22026,banquet birthday  card,12
22919,herb marker mint,12
22348,tea bag plate red retrospot,12
21993,floral folk stationery set,12
22023,empire birthday card,12
22024,rainy ladies birthday card,12
22025,ring of roses birthday card,12
22031,botanical lavender birthday card,12
22029,spaceboy birthday card,12
22028,penny farthing birthday card,12
22923,sold as set on dotcom,12
22921,herb marker chives,12
23186,french style storage jar cafe,12
22426,enamel wash bowl cream,12
22034,robin christmas card,12
21144,pink poodle hanging decoration,12
84970l,single heart zinc t-light holder,12
22402,magnets pack of 4 vintage collage,12
22396,magnets pack of 4 retro photo,12
22403,magnets pack of 4 vintage labels,12
47504k,english rose garden secateurs,12
90170,daisy hair band,12
90174,butterfly hair band,12
22663,jumbo bag dolly girl design,11
23149,antique ivory wire bowl small,11
22150,3 stripey mice feltcraft,11
23145,zinc t-light holder star large,11
22162,heart garland rustic padded,11
22142,christmas craft white fairy,11
22442,grow your own flowers set of 3,11
22676,french blue metal door sign 1,11
23229,vintage donkey tail game,11
85231b,cinammon set of 9 t-lights,11
22677,french blue metal door sign 2,11
dcgs0067,ebay,11
22606,wooden skittles garden set,11
22243,5 hook hanger red magic toadstool,11
84247k,"folk art greeting card,pack/12",11
22655,damages/showroom etc,11
84563b,damaged,11
23080,red metal box top secret,11
22678,french blue metal door sign 3,11
22682,french blue metal door sign 7,11
22848,bread bin diner style pink,11
21934,skull shoulder bag,10
10133,colouring pencils brown tube,10
15056p,edwardian parasol pink,10
22829,sweetheart wire wall tidy,10
84950,assorted colour t-light holder,10
90108,blue blossom hair clip,10
84968a,set of 16 vintage rose cutlery,10
22679,french blue metal door sign 4,10
21579,lolita  design  cotton tote bag,10
23291,dolly girl childrens cup,10
23434,3 raffia ribbons 50's christmas,10
21194,pink  honeycomb paper fan,10
23583,lunch bag paisley park,10
20752,check,10
22685,french blue metal door sign 0,10
22719,gumball monochrome coat rack,10
22778,check,10
85231g,orange scented set/9 t-lights,10
22655,vintage red kitchen cabinet,10
22739,ribbon reel christmas sock bauble,10
22437,set of 9 black skull balloons,10
22440,balloon water bomb pack of 35,10
22800,antique tall swirlglass trinket pot,10
72801c,check,10
22121,check,10
22081,ribbon reel flora + fauna,10
22097,swallow square tissue box,10
79163,black champagne glass,10
22620,4 traditional spinning tops,10
22613,pack of 20 spaceboy napkins,10
21395,blue polkadot beaker,10
dcgs0068,ebay,10
20898,check,10
22858,easter tin keepsake,10
22843,biscuit tin vintage green,10
22268,check,10
20856,denim patch purse pink butterfly,10
20932,pink pot plant candle,10
23092,large antique white photo frame,10
22080,ribbon reel polkadots,10
23290,spaceboy childrens bowl,10
23042,paper lantern 7 point snow star,10
21114,lavender scented fabric heart,10
22769,chalkboard kitchen organiser,10
21901,"key fob , back door",9
47594a,carousel design washbag,9
22043,dotcom,9
21464,disco ball rotator battery operated,9
23130,mistletoe heart wreath green,9
21743,star portable table light,9
72807a,set/3 rose candle in jewelled box,9
23244,round storage tin vintage leaf,9
21352,eucalyptus & pinecone  wreath,9
84880,white wire egg holder,9
21217,red retrospot round cake tins,9
21136,painted metal pears assorted,9
35607b,thrown away,9
23356,love hot water bottle,9
84509a,set of 4 english rose placemats,9
22644,ceramic cherry cake money bank,9
21398,damages,9
23090,vintage glass t-light holder,9
23397,damaged,9
21902,"key fob , front  door",9
90185b,amethyst diamante expandable ring,9
85141,jardin etched glass fruitbowl,9
82616b,frappucino scarf knitting kit,9
22626,black kitchen scales,9
23035,drawer knob ceramic ivory,9
20794,blue  tile hook,9
23014,glass apothecary bottle elixir,9
21643,damaged,9
23255,childrens cutlery circus parade,9
22320,birds mobile vintage design,9
22095,lads only tissue box,9
35965,found some more on shelf,9
20679,edwardian parasol red,9
22099,caravan square tissue box,9
22377,bottle bag retrospot,9
23487,sweet heart cake carrier,9
79000,moroccan tea glass,9
21792,classic french style basket green,9
20980,36 pencils tube posy,9
22925,blue giant garden thermometer,8
47567b,tea time kitchen apron,8
22744,make your own monsoon card kit,8
22358,kings choice tea caddy,8
21382,set/4 spring flower decoration,8
22271,feltcraft doll rosie,8
21749,large red retrospot windmill,8
23299,food cover with beads set 2,8
22713,card i love london,8
22179,set 10 lights night owl,8
21817,check,8
20749,assorted colour mini cases,8
22454,measuring tape babushka red,8
21264,white goose feather tree 60cm,8
23183,mother's kitchen spoon rest,8
90013a,midnight blue vintage earrings,8
22476,empire union jack tv dinner tray,8
22431,watering can blue elephant,8
21243,pink  polkadot plate,8
79160,heart shape wireless doorbell,8
23328,set 6 school milk bottles in crate,8
22605,wooden croquet garden set,8
85059,french enamel water basin,8
22550,holiday fun ludo,8
23012,glass apothecary bottle perfume,8
79323p,pink cherry lights,8
22189,cream heart card holder,8
79323w,white cherry lights,8
79323b,black cherry lights,8
21716,boys vintage tin seaside bucket,8
21459,yellow easter egg hunt start post,8
23099,french carriage lantern,8
23064,crushed,8
22199,frying pan red retrospot,8
23327,hanging clear mini bottle,8
23377,pack of 12 dolly girl tissues,8
90160a,purple boudicca large bracelet,7
90201b,black enamel flower ring,7
22832,brocante shelf with hooks,7
21981,pack of 12 woodland tissues,7
84507c,blue circles design monkey doll,7
23306,set of 36 doilies pantry design,7
23425,storage tin home sweet home,7
21577,save the planet cotton tote bag,7
23409,photo frame linen and lace large,7
22608,pens assorted funky jeweled,7
23091,zinc herb garden container,7
84279b,cherry blossom decorative flask,7
23345,dolly girl beaker,7
23015,cordial glass jug,7
23008,dolly girl baby gift set,7
82001s,vinyl record frame silver,7
20983,12 pencils tall tube red retrospot,7
23028,drawer knob crackle glaze blue,7
85061w,white jewelled heart decoration,7
22507,memo board retrospot  design,7
23283,doormat vintage leaf,7
22258,felt farm animal rabbit,7
22270,happy easter hanging decoration,7
23395,belle jardiniere cushion cover,7
22318,five heart hanging decoration,7
22311,office mug warmer black+silver,7
21351,cinammon & orange wreath,7
23128,feltcraft boy jean-paul kit,7
22274,feltcraft doll emily,7
22276,wash bag vintage rose paisley,7
23527,wall art animals and nature,7
23534,wall art stop for tea,7
85034a,3 gardenia morris boxed candles,7
21320,glass chalice green  large,7
23152,ivory sweetheart wire letter rack,7
21089,damaged,7
23241,treasure tin gymkhana design,7
84865,damaged,7
21813,garland with stars and bells,7
22154,angel decoration 3 buttons,7
dcgs0003,ebay,7
20703,blue padded soft mobile,7
22091,empire tissue box,7
22853,cat bowl vintage cream,6
22912,yellow coat rack paris fashion,6
20886,box of 9 pebble candles,6
22576,swallow wooden christmas decoration,6
22911,paper chain kit london,6
23020,glass  songbird storage jar,6
23013,glass apothecary bottle tonic,6
23007,spaceboy baby gift set,6
23426,metal sign drop your pants,6
79337,blue flock glass candleholder,6
23034,drawer knob ceramic black,6
22598,christmas musical zinc tree,6
23074,embossed heart trinket box,6
21524,doormat spotty home sweet home,6
23346,spaceboy beaker,6
23338,egg frying pan red,6
85124b,blue juicy fruit photo frame,6
23397,foot stool home sweet home,6
22252,birdcage decoration tealight holder,6
84508b,stripes design teddy,6
23368,set 12 colour pencils dolly girl,6
23407,set of 2 trays home sweet home,6
22575,metal merry christmas wreath,6
23081,green metal box army supplies,6
23025,drawer knob vintage glass ball,6
22526,wheelbarrow for children,6
20898,vintage notebook travelogue,6
20795,large blue provencal ceramic ball,6
23523,wall art treasure ahoy,6
23597,paper bunting paisley park,6
22278,overnight bag vintage rose paisley,6
23131,mistletoe heart wreath cream,6
85180a,red hearts light chain,6
23123,cocktail swords 50 pieces,6
22063,ceramic bowl with strawberry design,6
22062,ceramic bowl with love heart design,6
84461,12 pink hen+chicks in basket,6
90177d,drop diamante earrings purple,6
90168,2 daisies hair comb,6
90169,daisy hair comb,6
21412,vintage gold tinsel reel,6
23039,t-light holder silver heart handle,6
21411,gingham heart  doorstop red,6
23330,decorative wicker heart medium,6
84597b,damages,6
90202c,green enamel flower hair tie,6
90202b,white enamel flower hair tie,6
90202a,purple enamel flower hair tie,6
90201c,red enamel flower ring,6
90185a,amber diamante expandable ring,6
90177a,classic diamante earrings jet,6
90177c,drop diamante earrings crystal,6
90177e,drop diamante earrings green,6
90059a,diamante hair grip pack/2 crystal,6
48184,doormat english rose,6
47599a,pink party bags,6
90182c,black 3 bead drop earrings,6
90202d,pink enamel flower hair tie,6
90059d,diamante hair grip pack/2 peridot,6
90059c,diamante hair grip pack/2 montana,6
90059b,diamante hair grip pack/2 black dia,6
90208,pair of pink flower cluster slide,6
90183a,amber drop earrings w long beads,6
90101,white frangipani necklace,6
90118,pink daisy bag charm,6
90059f,diamante hair grip pack/2 lt rose,6
90098,necklace+bracelet pink butterfly,6
22812,pack 3 boxes christmas panettone,6
21823,damaged,6
20674,green polkadot bowl,6
22760,"tray, breakfast in bed",6
22750,feltcraft princess lola doll,6
22947,wooden advent calendar red,6
90059e,diamante hair grip pack/2 ruby,6
22895,set of 2 tea towels apple and pears,6
21925,union stripe cushion cover,6
37487b,damaged,6
22425,enamel colander cream,6
23524,wall art horse & pony,6
23514,embroidered ribbon reel sally,6
79051a,sold as set on dotcom,6
23525,wall art buffalo bill,6
23518,embroidered ribbon reel rachel,6
21055,tool box soft toy,6
22319,hairclips forties fabric assorted,6
22449,silk purse babushka pink,6
23160,regency tea spoon,6
85014a,black/blue polkadot umbrella,6
84816,danish rose bedside cabinet,6
21071,vintage billboard drink me mug,6
21770,open closed metal sign,6
22656,vintage blue kitchen cabinet,6
22690,doormat home sweet home blue,6
23270,set of 2 ceramic painted hearts,6
21100,damaged,6
85036b,chocolate 1 wick morris box candle,6
22495,set of 2 round tins camembert,6
85035a,gardenia 3 wick morris boxed candle,6
20750,red retrospot mini cases,6
21042,red retrospot apron,6
23118,check,6
84997c,childrens cutlery polkadot blue,6
22788,brocante coat rack,6
22743,make your own flowerpower card kit,6
22747,poppy's playhouse bathroom,6
22067,choc truffle gold trinket pot,6
22486,plasmatronic lamp,6
23227,filigree heart butterfly white,6
22485,set of 2 wooden market crates,6
22981,pantry apple corer,6
84997b,childrens cutlery retrospot red,6
21890,s/6 wooden skittles in cotton bag,6
22096,pink paisley square tissue box,6
72799e,ivory pillar candle silver flock,6
23542,wall art 70's alphabet,6
23493,vintage doily travel sewing kit,6
23513,embroidered ribbon reel susie,6
22928,yellow giant garden thermometer,6
22419,lipstick pen red,6
22416,set of 36 spaceboy paper doilies,6
21164,home sweet home metal sign,6
22394,paperweight kings choice,6
90209a,purple enamel+glass hair comb,6
85173,set/6 frog prince t-light candles,5
23314,vintage christmas tablecloth,5
22504,cabin bag vintage retrospot,5
23415,home sweet home hook,5
21624,vintage union jack doorstop,5
23458,dolly cabinet 3 drawers,5
23423,pantry 3 hook rolling pin hanger,5
22505,memo board cottage design,5
84663a,grass hopper wooden wall clock,5
22204,milk pan blue polkadot,5
21421,damaged,5
22245,"hook, 1 hanger ,magic garden",5
21424,woodland storage box large,5
22852,dog bowl vintage cream,5
22899,children's apron dolly girl,5
22914,blue coat rack paris fashion,5
48188,doormat welcome puppies,5
85127,small square cut glass candlestick,5
dcgs0069,ebay,5
85150,ladies & gentlemen metal sign,5
85132c,charlie and lola figures tins,5
22262,felt egg cosy chicken,5
21470,flower vine raffia food cover,5
20956,porcelain t-light holders assorted,5
21523,doormat fancy font home sweet home,5
22167,oval wall mirror diamante,5
22763,key cabinet ma campagne,5
21275,zinc top  2 door wooden shelf,5
21769,showroom,5
85027l,french chateau large platter,5
21262,white goose feather christmas tree,5
20793,blue tiled tray,5
22670,french wc sign blue metal,5
21777,recipe box with metal heart,5
23565,egg cup milkmaid helga,5
21704,bag 250g swirly marbles,5
23511,embroidered ribbon reel emily,5
23460,sweetheart wall tidy,5
85170d,set/6 pink bird t-light candles,5
23595,re-adjustment,5
84985a,set of 72 green paper doilies,5
21896,potting shed twine,5
71279,pink glass candleholder,5
22927,damaged,5
90012b,check,5
20677,pink polkadot bowl,5
22966,gingerbread man cookie cutter,5
22777,glass cloche large,5
22066,love heart trinket pot,5
23236,doiley storage tin,5
21900,"key fob , shed",5
84927f,psychedelic tile hook,5
23178,jam clock magnet,5
15058a,blue polkadot garden parasol,5
71038,white hanging beads candle holder,5
22794,sweetheart wire magazine rack,5
15058b,pink polkadot garden parasol,5
48173c,doormat black flock,5
90204,pair of enamel butterfly hairclip,4
48187,doormat new england,4
22826,love seat antique white metal,4
90003b,rose colour pair heart hair slides,4
22770,mirror cornice,4
90003c,midnight blue pair heart hair slide,4
90003d,crystal pair heart hair slides,4
90003e,green pair heart hair slides,4
90022,edwardian drop earrings jet black,4
47563a,retro longboard ironing board cover,4
47594b,scotties design washbag,4
20704,mr robot soft toy,4
37327,asstd multicolour circles mug,4
21826,eight piece dinosaur set,4
22152,place setting white star,4
20798,clear milkshake glass,4
22619,set of 6 soldier skittles,4
23020,smashed,4
23469,card holder love bird small,4
23566,egg cup milkmaid heidi,4
23209,lunch bag doiley pattern,4
21623,vintage union jack memoboard,4
22393,paperweight vintage collage,4
22383,lunch bag suki  design,4
22187,green christmas tree card holder,4
84968c,set of 16 vintage pistachio cutlery,4
23181,bull dog bottle top wall clock,4
85036c,check,4
85062,pearl crystal pumpkin t-light hldr,4
85045,green christmas tree string 20light,4
85040b,set/4 blue flower candles in bowl,4
23132,small ivory heart wall organiser,4
21755,love building block word,4
72815,3 wick christmas briar candle,4
23536,wall art village show,4
21745,gaolers keys decorative garden,4
85054,french enamel pot w lid,4
20982,12 pencils tall tube skulls,4
21015,dark bird house tree decoration,4
72802a,rose scent candle in jewelled box,4
20973,12 pencil small tube woodland,4
22601,christmas retrospot angel wood,4
22607,wooden rounders garden set,4
22224,white lovebird lantern,4
47504h,english rose spirit level,4
84563a,damaged,4
22260,felt egg cosy blue rabbit,4
22200,frying pan pink polkadot,4
22241,garland wooden happy easter,4
21426,woodland storage box small,4
21445,12 pink rose peg place settings,4
84228,crushed,4
90201a,purple enamel flower ring,4
21471,strawberry raffia food cover,4
22913,red coat rack paris fashion,4
84352,silver christmas tree bauble stand,4
84452,metal rabbit ladder easter,4
21422,porcelain rose small,4
22249,decoration white chick magic garden,4
21349,ivy heart wreath,4
84687,beach hut shelf w 3 drawers,4
22250,decoration  butterfly  magic garden,4
84674,flying pig watering can,4
23396,le jardin botanique cushion cover,4
22283,6 egg house painted wood,4
21361,love large wood letters,4
21360,show samples,4
23414,zinc box sign home,4
23461,sweetheart bird house,4
22496,set of 2 round tins dutch cheese,4
84997d,childrens cutlery polkadot pink,4
22499,wooden union jack bunting,4
23153,zinc sweetheart wire letter rack,4
22466,fairy tale cottage nightlight,4
dcgs0073,ebay,4
22261,felt egg cosy white rabbit,4
84559b,3d sheet of cat stickers,4
82551,laundry 15c metal sign,4
84798b,purple foxglove artiifcial flower,4
84819,danish rose round sewing box,4
23273,heart t-light holder willie winkie,4
84820,danish rose trinket trays,4
22374,airline bag vintage jet set red,4
21558,skull lunch box with cutlery,4
21913,vintage seaside jigsaw puzzles,3
22999,travel card wallet vintage leaf,3
22650,ceramic pirate chest money bank,3
22691,doormat welcome sunrise,3
85174,s/4 cacti candles,3
23016,glass twist bon bon jar,3
23010,circus parade baby gift set,3
85232a,set/3 polkadot stacking tins,3
15044c,purple paper parasol,3
22772,pink drawer knob acrylic edwardian,3
90070,ruby glass cluster bracelet,3
22934,baking mould easter egg white choc,3
22929,school desk and chair,3
48194,doormat hearts,3
48116,doormat multicolour stripe,3
22827,rustic  seventeen drawer sideboard,3
37500,tea time teapot in gift box,3
71459,hanging jam jar t-light holders,3
85232d,set/3 decoupage stacking tins,3
85188a,green metal swinging bunny,3
22692,doormat welcome to our home,3
37340,multicolour spring flower mug,3
35972,check,3
21822,glitter christmas tree with bells,3
72351b,set/6 pink  butterfly t-lights,3
23237,set of 4 knick knack tins leaves,3
22428,enamel fire bucket cream,3
23191,bundle of 3 retro note books,3
22433,watering can green dinosaur,3
84952b,black love bird t-light holder,3
84931b,blue scottie dog w flower pattern,3
23192,bundle of 3 alphabet exercise books,3
21041,red retrospot oven glove double,3
22441,grow your own basil in enamel mug,3
79190a,retro plastic 70's tray,3
23490,t-light holder hanging love bird,3
79164,black wine glass,3
22166,wall mirror rectangle diamante pink,3
22468,babushka lights string of 10,3
21012,antique all glass candlestick,3
21775,decorative flore bathroom bottle,3
21794,classic french style basket natural,3
85063,cream sweetheart magazine rack,3
85104,silver glass t-light set,3
20970,pink floral feltcraft shoulder bag,3
20902,check,3
23093,small parisienne heart photo frame,3
23061,vintage embossed heart,3
23122,party charms 50 pieces,3
85047,white beaded garland string 20light,3
85042,antique lily fairy lights,3
78033,flag of st george chair,3
21736,gold scroll glass t-light holder,3
72807b,set/3 ocean scent candle jewel box,3
23114,vintage leaf chopping board,3
23049,recycled acapulco mat red,3
21654,damaged,3
21682,large medina stamped metal bowl,3
21564,pink  heart shape love bucket,3
84030e,english rose hot water bottle,3
21344,moroccan beaten metal dish,3
84631,fruit tree and birds wall plaque,3
82616c,midnight glamour scarf knitting kit,3
84678,classical rose small vase,3
84803b,white allium  artificial flower,3
21279,vintage kitchen print fruits,3
22359,glass jar kings choice,3
23274,star t-light holder willie winkie,3
84800m,medium white/pink rose art flower,3
23459,dolly cabinet 2 drawers,3
84616,silver roccoco chandelier,3
21391,french lavender scent heart,3
22182,cake stand victorian filigree small,3
21427,skulls storage box small,3
23406,home sweet home key holder,3
23323,white wicker star,3
23329,decorative wicker heart large,3
21390,filigris heart with butterfly,3
84576,damaged,3
23403,letter holder home sweet home,3
23401,rustic mirror with lace heart,3
22854,cream sweetheart egg holder,3
22908,pack of 20 napkins red apples,3
21928,jumbo bag scandinavian paisley,3
21930,jumbo storage bag skulls,3
17003,brocade ring purse,3
90209c,pink enamel+glass hair comb,3
15044d,red paper parasol,2
90211b,jet black las vegas necklace 45cm,2
c2,carriage,2
90024b,new baroque b'fly necklace red,2
20681,pink polkadot childrens umbrella,2
22761,chest 7 drawer ma campagne,2
22751,feltcraft princess olivia doll,2
22949,set of 36 dolly girl paper doilies,2
22742,make your own playtime card kit,2
17129f,blue glass gems in bag,2
23400,shelf with 4 hooks home sweet home,2
22227,hanging heart mirror decoration,2
22221,cake stand lovebird 2 tier pink,2
21494,rotating leaves t-light holder,2
21469,polka dot raffia food cover,2
21467,cherry crochet food cover,2
21461,blue easter egg hunt start post,2
22203,milk pan red retrospot,2
85211,s/4 groovy cat magnets,2
37343,damaged,2
51020a,summer fun design shower cap,2
37501,tea time tea set in gift box,2
47013a,damaged,2
22229,bunny wooden painted with flower,2
22228,bunny wooden painted with bird,2
22201,frying pan blue polkadot,2
23389,spaceboy mini backpack,2
21520,booze & women greeting card,2
22723,set of 6 herb tins sketchbook,2
85183a,charlie & lola wastepaper bin blue,2
20752,blue polkadot washing up gloves,2
23024,large bonne jam jar  t-light holder,2
23023,ridged bonne jam jar t-light holder,2
72760b,vintage cream 3 basket cake stand,2
22110,bird house hot water bottle,2
23051,recycled acapulco mat blue,2
85160b,black bird garden design mug,2
20901,vintage keepsake box pink flower,2
85132a,charlie + lola biscuits tins,2
22583,pack of 6 handbag gift boxes,2
23428,ivory retro kitchen wall clock,2
23427,stool home sweet home,2
23427,damaged,2
84609,tall rococo candle holder,2
21408,spotty pink duck doorstop,2
21385,ivory hanging decoration  heart,2
21383,pack of 12 sticky bunnies,2
23332,ivory wicker heart large,2
22581,wood stocking christmas scandispot,2
22592,cardholder holly wreath metal,2
85114b,ivory enchanted forest placemat,2
20941,frog candle,2
23094,le grand tray chic set,2
23569,tradtional alphabet stamp set,2
22176,blue owl soft toy,2
22175,pink owl soft toy,2
23285,pink vintage spot beaker,2
23280,folding butterfly mirror hot pink,2
84660a,white stitched wall clock,2
22215,cake stand white two tier lace,2
21578,woodland design  cotton tote bag,2
21561,dinosaur lunch box with cutlery,2
72803a,rose scent candle jewelled drawer,2
21784,shoe shine box,2
35471d,set of 3 bird light pink feather,2
35004g,set of 3 gold flying ducks,2
85088,candy spot hand bag,2
85071b,red charlie+lola personal doorsign,2
21628,triangular pouffe vintage,2
23456,medium parlour picture frame,2
22314,office mug warmer choc+blue,2
21359,relax large wood letters,2
85064,cream sweetheart letter rack,2
22515,childs garden spade pink,2
22547,mini jigsaw dinosaur,2
22534,magic drawing slate spaceboy,2
21056,doctor's bag soft toy,2
23541,wall art classic puddings,2
21761,damaged,2
21756,bath building block word,2
23574,packing charge,2
21038,set/4 modern vintage cotton napkins,2
21110,large cake towel pink spots,2
23142,ivory wire kitchen organiser,2
22489,pack of 12 traditional crayons,2
84809a,white chrysanthemums art flower,2
84800s,small white/pink rose art flower,2
23412,heart mirror antique white,2
85014b,red retrospot umbrella,2
22443,grow your own herbs set of 3,2
22472,tv dinner tray dolly girl,2
23508,mini playing cards dolly girl,2
23503,playing cards keep calm & carry on,2
21143,antique glass heart decoration,2
21129,silver fishing gnome,2
21125,set 6 football celebration candles,2
84969,box of 6 assorted colour teaspoons,2
23190,bundle of 3 school exercise books,2
22421,lipstick pen fuschia,2
22414,doormat neighbourhood witch,2
22412,metal sign neighbourhood witch,2
21206,strawberry honeycomb  garland,2
84927e,flowers tile hook,2
23454,three mini hanging frames,2
23437,50's christmas gift bag large,2
22194,black diner wall clock,2
22365,doormat respectable house,2
84857b,blue monte carlo handbag,2
84840,sweetheart carry-all basket,2
21277,french style embossed heart cabinet,2
21272,salle de bain hook,2
21263,green goose feather tree 60cm,2
23253,16 piece cutlery set pantry design,2
22331,woodland party bag + sticker set,2
22184,cake stand victorian filigree large,2
22183,cake stand victorian filigree med,2
21667,glass cake cover and plate,2
84927d,la palmiera tile hook,2
21246,red retrospot big bowl,2
21246,damaged,2
84876d,damaged,2
90050,cracked glaze necklace ivory,2
22825,decorative plant pot with frieze,2
22822,cream wall planter heart shaped,2
22820,gift bag birthday,2
44234,assorted circular mobile,2
51008,afghan slipper sock pair,2
48111,doormat 3 smiley cats,2
47591d,pink fairy cake childrens apron,2
47574a,english rose scented hanging flower,2
21972,set of 36 dinosaur paper doilies,2
90147,chunky silver necklace pastel flowe,2
22904,calendar paper cut design,2
90192,jade drop earrings w filigree,2
16202e,black photo album,1
16235,recycled pencil with rabbit eraser,1
16258a,swirly circular rubbers in bag,1
90199c,5 strand glass necklace crystal,1
90200b,black sweetheart bracelet,1
22906,12 message cards with envelopes,1
22869,number tile cottage garden 1,1
22877,number tile cottage garden 9,1
22878,number tile cottage garden no,1
22882,number tile vintage font 3,1
22883,number tile vintage font 4,1
22885,number tile vintage font 6,1
90148,long silver necklace pastel flower,1
21973,set of 36 mushroom paper doilies,1
37503,tea time cake stand in gift box,1
21982,pack of 12 suki tissues,1
46000m,polyester filler pad 45x45cm,1
22811,set of 6 t-lights cacti,1
22824,3 tier sweetheart garden shelf,1
84881,blue wire spiral candle holder,1
84884a,ant white wire heart spiral,1
84906,pink butterfly cushion cover,1
84927a,wake up cockerel tile hook,1
22400,magnets pack of 4 home sweet home,1
22405,money box pocket money design,1
21718,red metal beach spade,1
21722,sweet pudding sticker sheet,1
22188,black heart card holder,1
84839,sweetheart key cabinet,1
84843,white soap rack with 2 bottles,1
84849b,fairy soap soap holder,1
84856s,small tahiti beach bag,1
84857c,pink monte carlo handbag,1
22372,airline bag vintage world champion,1
22378,wall tidy retrospot,1
84870b,blue geisha girl,1
22195,large heart measuring spoons,1
23444,next day carriage,1
23452,heart mini portrait frame,1
22406,money box kings choice design,1
21201,tropical  honeycomb paper garland,1
21163,do not touch my stuff door hanger,1
22409,money box biscuits design,1
23164,regency cake slice,1
23180,mum's kitchen clock,1
23185,french style storage jar jam,1
23188,vintage  2 metre folding ruler,1
23189,set of 12 fork candles,1
84968d,set of 16 vintage red cutlery,1
84971s,small heart flowers hook,1
22471,tv dinner tray air hostess,1
23556,landmark frame covent garden,1
23466,tuscan villa dovecote bird feeder,1
23491,vintage jingle bells heart,1
79163,damaged,1
79320,flamingo lights,1
21686,medina stamped metal stool,1
21708,folding umbrella cream polkadot,1
22477,watering can garden marker,1
22483,red gingham teddy bear,1
22450,silk purse babushka blue,1
22452,measuring tape babushka pink,1
22453,measuring tape babushka blue,1
85023c,pink large jeweled photoframe,1
85024c,pink small jewelled photoframe,1
85025b,eau de nile heart shape photo frame,1
21588,retrospot giant tube matches,1
21556,ceramic strawberry money box,1
23410,curio cabinet linen and lace,1
23411,trellis coat rack,1
23264,set of 3 wooden sleigh decorations,1
21316,small chunky glass roman  bowl,1
21317,glass sphere candle stand medium,1
21319,glass chalice green  small,1
84813,set of 4 diamond napkin rings,1
21248,door hanger  mum + dads room,1
22350,illustrated cat bowl,1
22354,retrospot padded seat cushion,1
22321,bird decoration red retrospot,1
85025c,pink heart shape photo frame,1
85032d,damaged,1
23150,ivory sweetheart soap dish,1
85036a,gardenia 1 wick morris boxed candle,1
85039a,set/4 red mini rose candle in bowl,1
85039c,s/4 black mini rose candle in bowl,1
21033,jumbo bag charlie and lola toys,1
23117,poppy fields chopping board,1
23630,set 10 cards hanging baubles 17080,1
35001w,hand open shape deco.white,1
79030d,tumbler baroque,1
23535,wall art bicycle safety,1
23544,wall art mid century modern,1
23129,heart shaped holly wreath,1
23133,large ivory heart wall organiser,1
22540,mini jigsaw circus parade,1
22545,mini jigsaw bunnies,1
22546,mini jigsaw purdey,1
22511,retrospot babushka doorstop,1
21364,peace small wood letters,1
21380,wooden happy birthday garland,1
84750b,black small glass cake stand,1
84751b,black medium glass cake stand,1
22296,heart ivory trellis large,1
22305,coffee mug pink paisley design,1
22316,200 bendy skull straws,1
21630,floor cushion elephant carnival,1
21633,sunflower decorative parasol,1
21647,assorted tutti frutti large purse,1
21648,assorted tutti frutti small purse,1
21584,retrospot small tube matches,1
85065,cream sweetheart trays,1
85068,cream sweetheart shelf + hooks,1
85087,candy spot cushion cover,1
85098b,blue flying singing canary,1
22560,traditional modelling clay,1
22563,happy stencil craft,1
22136,love heart sock hanger,1
35598d,pink/white christmas tree 60cm,1
21802,christmas tree heart decoration,1
21774,decorative cats bathroom bottle,1
84006,magic tree -paper flowers,1
21503,toybox  wrap,1
23398,hanging heart bonheur,1
23316,red refectory clock,1
84629,white 3 frame birds and tree,1
84632,decorative hanging shelving unit,1
84659a,white travel alarm clock,1
84685,beach hut key cabinet,1
22272,feltcraft doll maria,1
22279,pocket bag blue paisley red spot,1
23567,egg cup henrietta hen pink,1
23568,egg cup henrietta hen cream,1
23100,silver bells table decoration,1
20936,forked cactus candle,1
20957,porcelain hanging bell small,1
85126,large round cutglass candlestick,1
23065,large deco jewellery stand,1
22594,christmas gingham tree,1
22268,easter decoration sitting bunny,1
21389,ivory hanging decoration  bird,1
21407,brown check cat doorstop,1
84600,new baroque jewellery box,1
22282,12 egg house painted wood,1
23312,vintage christmas gift sack,1
23419,home sweet home bottle,1
23424,gingham recipe book box,1
22584,pack of 6 pannetone gift boxes,1
23066,small deco jewellery stand,1
23073,georgian trinket box,1
85135b,blue dragonfly helicopter,1
85135c,red dragonfly helicopter,1
23050,recycled acapulco mat green,1
23052,recycled acapulco mat turquoise,1
23053,recycled acapulco mat pink,1
22060,damaged,1
22119,peace wooden block letters,1
22121,noel wooden block letters,1
35832,woolly hat sock glove advent string,1
35921,easter bunny hanging garland,1
35923,candy heart hanging decoration,1
21883,stars gift tape,1
72140e,best dad candle letters,1
22165,"diamante heart shaped wall mirror,",1
22131,food container set 3 love heart,1
23054,recycled acapulco mat lavender,1
22638,set of 4 napkin charms crowns,1
85163b,black baroque wall clock,1
85167b,damaged,1
20830,silver photo frame,1
20832,red flock love heart photo frame,1
85169d,pink love bird candle,1
85170b,set/6 black bird t-light candles,1
23005,travel card wallet i love london,1
23017,apothecary measuring jar,1
22671,french laundry sign blue metal,1
20751,funky washing up gloves assorted,1
20754,retrospot red washing up gloves,1
20772,garden path journal,1
20781,gold ear muff headphones,1
85176,sewing susan 21 needle set,1
85177,basket of flowers sewing kit,1
85185b,pink horse sock puppet kit,1
84086b,yellow/blue retro radio,1
84228,hen house w chick standing,1
84313c,damaged,1
23370,set 36 colouring pencils doily,1
23375,50's christmas paper gift bag,1
23390,dolly girl mini backpack,1
21447,12 ivory rose peg place settings,1
21456,2 picture book eggs easter chicks,1
84510a,set of 4 english rose coasters,1
84575a,pink dog cannister,1
84595e,large tortilla design red bowl,1
47422,assorted monkey suction cup hook,1
37488a,damaged,1
51020b,stripy design shower cap,1
62043b,blue check bag w handle 34x20cm,1
35961,folkart zinc heart christmas dec,1
22053,empire design rosette,1
22975,spaceboy childrens egg cup,1
22977,dolly girl childrens egg cup,1
20705,mrs robot soft toy,1
20707,crazy daisy heart decoration,1
85204,hanging wood and felt flower,1
90162b,ant silver lime green boudicca ring,1
90176a,classic diamante necklace jet,1
90176d,diamante necklace purple,1
22202,milk pan pink polkadot,1
84508a,camouflage design teddy,1
21417,cockle shell dish,1
23342,mint diner wall clock,1
23405,home sweet home 2 drawer cabinet,1
85213,mini  zinc garden decorations,1
22764,"rustic wooden cabinet, glass doors",1
22789,t-light holder sweetheart hanging,1
22950,set of 36 vintage christmas doilies,1
22954,hen party cordon barrier tape,1
22757,large red babushka notebook,1
90018a,silver m.o.p orbit drop earrings,1
90018c,silver black orbit drop earrings,1
21935,suki  shoulder bag,1
90062,carnival bracelet,1
90064b,black vintage  crystal earrings,1
90076,montana diamond cluster earrings,1
90143,silver bracelet w pastel flower,1
15060b,fairy cake design umbrella,1
dot,dotcom postage,1
15044b,blue paper parasol,1
10135,colouring pencils brown tube,1
15044a,pink paper parasol,1
