stockcode,description,total_sales
amazonfee,amazon fee,-235281.59
23843,"paper craft , little birdie",-168469.6
m,manual,-146784.46
23166,medium ceramic top storage jar,-77479.64
post,postage,-11871.24
22423,regency cakestand 3 tier,-9697.05
cruk,cruk commission,-7933.43
bank charges,bank charges,-7340.64
85123a,white hanging heart t-light holder,-6624.3
21108,fairy cake flannel assorted colour,-6591.420000000001
d,discount,-5696.22
23113,pantry chopping board,-4803.06
48185,doormat fairy cake,-4554.9
21175,gin + tonic diet metal sign,-3775.33
47566b,tea time party bunting,-3692.9499999999994
22273,feltcraft doll molly,-3512.6499999999996
71477,colour glass. star t-light holder,-3246.16
s,samples,-3102.7
22191,ivory diner wall clock,-2653.7000000000003
21843,red retrospot cake stand,-2480.5
85099b,jumbo bag red retrospot,-1984.02
23056,flowers chandelier t-light holder,-1859.07
22655,vintage red kitchen cabinet,-1730.5
22328,round snack boxes set of 4 fruits,-1691.4999999999998
22835,hot water bottle i am so poorly,-1679.6999999999998
22838,3 tier cake tin red and cream,-1671.6
23284,doormat keep calm and come in,-1601.25
23064,cinderella chandelier,-1514.05
20971,pink blue felt craft trinket box,-1405.01
23199,jumbo bag apples,-1309.25
85232b,set of 3 babushka stacking tins,-1258.05
84078a,set/4 white retro storage cubes,-1248.25
82483,wood 2 drawer cabinet white finish,-1225.8500000000001
47566,party bunting,-1201.3500000000001
22992,revolver wooden ruler,-1193.4
22991,giraffe wooden ruler,-1185.8999999999999
22086,paper chain kit 50's christmas,-1160.35
22149,feltcraft 6 flower friends,-1158.3
22699,roses regency teacup and saucer,-1150.3500000000001
21877,home sweet home mug,-1134.3200000000002
22147,feltcraft butterfly hearts,-1103.65
23201,jumbo bag alphabet,-1076.02
23170,regency tea plate roses,-1046.3
23203,jumbo bag vintage doily,-1030.6399999999999
22960,jam making set with jars,-1012.79
22752,set 7 babushka nesting boxes,-952.0000000000001
22910,paper chain kit vintage christmas,-931.45
82494l,wooden frame antique white,-910.95
22501,picnic basket wicker large,-873.1999999999999
22171,3 hook photo shelf antique white,-859.35
20725,lunch bag red retrospot,-854.7
22920,herb marker basil,-841.0500000000001
22570,feltcraft cushion rabbit,-832.35
22386,jumbo bag pink polkadot,-816.58
22656,vintage blue kitchen cabinet,-800.0
21069,vintage billboard tea mug,-743.0600000000001
21871,save the planet mug,-740.94
22720,set of 3 cake tins pantry design,-730.1
22635,childs breakfast set dolly girl,-727.05
22847,bread bin diner style ivory,-711.8
23055,ivory chandelier t-light holder,-690.72
21258,victorian sewing box large,-679.75
72802b,ocean scent candle in jewelled box,-662.24
23207,lunch bag alphabet design,-659.6
22569,feltcraft cushion butterfly,-658.38
15056bl,edwardian parasol black,-652.5
22776,sweetheart cakestand 3 tier,-643.05
22178,victorian glass hanging t-light,-638.4
22313,office mug warmer pink,-637.5
23057,beaded chandelier t-light holder,-636.15
21479,white skull hot water bottle,-635.9300000000001
22411,jumbo shopper vintage red paisley,-622.47
22942,christmas lights 10 santas,-604.3500000000001
21931,jumbo storage bag suki,-602.33
82482,wooden picture frame white finish,-581.55
72802c,vanilla scent candle jewelled box,-579.81
18097c,white tall porcelain t-light holder,-571.8000000000001
22990,cotton apron pantry design,-553.6999999999999
22900,set 2 tea towels i love london,-552.5999999999999
21035,set/2 red retrospot tea towels,-550.0
22112,chocolate hot water bottle,-548.88
22659,lunch box i love london,-546.0
23243,set of tea coffee sugar tins pantry,-545.55
22111,scottie dog hot water bottle,-544.45
22568,feltcraft cushion owl,-540.6600000000001
22796,photo frame 3 classic hanging,-524.05
22826,love seat antique white metal,-517.5
72807c,set/3 vanilla scented candle in box,-516.7
85099c,jumbo  bag baroque black white,-510.88
21155,red retrospot peg bag,-510.59999999999997
22236,cake stand 3 tier magic garden,-508.94999999999993
23343,jumbo bag vintage christmas,-505.68
15036,assorted colours silk fan,-505.68
20969,red floral feltcraft shoulder bag,-491.91
23344,jumbo bag 50's christmas,-486.96000000000004
23298,spotty bunting,-482.81
21928,jumbo bag scandinavian blue paisley,-479.58000000000004
22630,dolly girl lunch box,-478.6499999999999
22564,alphabet stencil craft,-464.17
22503,cabin bag vintage paisley,-461.84999999999997
20685,doormat red retrospot,-461.22
85099f,jumbo bag strawberry,-448.49
85071a,blue charlie+lola personal doorsign,-448.4
85066,cream sweetheart mini chest,-448.05
37449,ceramic cake stand + hanging cakes,-446.7
23157,set of 6 nativity magnets,-444.0
23202,jumbo bag vintage leaf,-442.46000000000004
23173,regency teapot roses,-436.4
23071,marie antoinette trinket box gold,-434.0
21439,basket of toadstools,-432.48
20713,jumbo bag owls,-431.43
22941,christmas lights 10 reindeer,-429.25
20712,jumbo bag woodland animals,-426.46000000000004
22961,jam making set printed,-425.75
23245,set of 3 regency cake tins,-421.5
22666,recipe box pantry yellow design,-421.05
21787,rain poncho retrospot,-420.0
22804,pink hanging heart t-light holder,-419.8
23355,hot water bottle keep calm,-417.6
22846,bread bin diner style red,-416.7
22827,rustic  seventeen drawer sideboard,-415.0
21232,strawberry ceramic trinket box,-414.5
84949,silver hanging t-light holder,-412.34999999999997
22950,36 doilies vintage christmas,-412.2
22588,card holder gingham heart,-411.8700000000001
23485,botanical gardens wall clock,-407.4
22561,wooden school colouring set,-405.0
22493,paint your own canvas set,-396.45
22697,green regency teacup and saucer,-393.05
22698,pink regency teacup and saucer,-387.50000000000006
21929,jumbo bag pink vintage paisley,-387.07
23494,vintage doily deluxe sewing kit,-386.75
22502,picnic basket wicker small,-385.25
23072,marie antoinette trinket box silver,-384.0
21735,two door curio cabinet,-382.95
22634,childs breakfast set spaceboy,-381.84999999999997
23169,classic glass cookie jar,-379.15
23318,box of 6 mini vintage crackers,-368.71000000000004
20974,12 pencils small tube skull,-367.9
23167,small ceramic top storage jar,-365.19
22768,family photo frame cornice,-355.29999999999995
22689,doormat merry christmas red,-354.0
22781,gumball magazine rack,-352.35
23462,rococo wall mirror white,-350.1
79321,chilli lights,-349.7
84946,antique silver t-light glass,-349.21
22767,triple photo frame cornice,-348.25
23174,regency sugar bowl green,-345.2
22424,enamel bread bin cream,-342.6
23256,childrens cutlery spaceboy,-338.0
22933,baking mould easter egg milk choc,-337.80000000000007
22467,gumball coat rack,-337.5
15056n,edwardian parasol natural,-337.45000000000005
22070,small red retrospot mug in box,-336.54
82486,3 drawer antique white wood cabinet,-336.15
22363,glass jar marmalade,-335.5
22197,popcorn holder,-329.41
20728,lunch bag cars blue,-327.5
22456,natural slate chalkboard large,-326.8
85178,victorian sewing kit,-322.85
22151,place setting white heart,-321.96
84347,rotating silver angels t-light hldr,-321.6
23108,set of 10 led dolly lights,-317.6
22580,advent calendar gingham sack,-314.95
22138,baking set 9 piece retrospot,-311.1
22114,hot water bottle tea and sympathy,-310.1
85048,15cm christmas glass ball 20 lights,-307.95
22834,hand warmer babushka design,-306.05
35924,hanging fairy cake decoration,-302.51
20914,set/5 red retrospot lid glass bowls,-300.85
21340,classic metal birdcage plant holder,-298.2
23110,parisienne key cabinet,-293.25
22956,36 foil heart cake cases,-283.20000000000005
23111,parisienne sewing box,-283.2
21781,ma campagne cutlery box,-283.15
22207,frying pan union flag,-282.25
22360,glass jar english confectionery,-282.0
21731,red toadstool led night light,-281.29999999999995
22102,mirror mosaic t-light holder,-280.8
22173,metal 4 hook hanger french chateau,-279.77
22978,pantry rolling pin,-272.61
21314,small glass heart trinket pot,-270.15000000000003
22890,novelty biscuits cake stand 3 tier,-268.25
22727,alarm clock bakelike red,-266.25
22932,baking mould toffee cup chocolate,-262.8
21527,red retrospot traditional teapot,-260.3
22865,hand warmer owl design,-258.05
22169,family album white picture frame,-257.55
84029e,red woolly hottie white heart.,-256.45
84077,world war 2 gliders asstd designs,-253.92
82486,wood s/3 cabinet ant white finish,-249.75
23319,box of 6 mini 50's crackers,-244.97000000000003
22762,cupboard 3 drawer ma campagne,-244.9
22427,enamel flower jug cream,-243.90000000000003
23200,jumbo bag pears,-243.63000000000002
22382,lunch bag spaceboy design,-242.35
23112,parisienne curio cabinet,-239.85000000000002
84816,danish rose bedside cabinet,-239.70000000000002
22636,childs breakfast set circus parade,-239.7
21481,fawn blue hot water bottle,-239.6
22509,sewing box retrospot design,-239.2
23109,pack of six led tea lights,-239.04
21621,vintage union jack bunting,-238.0
22946,wooden advent calendar cream,-237.75
22797,chest of drawers gingham heart,-237.3
11001,asstd design racing car pen,-237.04999999999998
22384,lunch bag pink polkadot,-236.2
22849,bread bin diner style mint,-234.25
22487,white wood garden plant ladder,-232.79999999999998
85036c,rose 1 wick morris boxed candle,-232.25
23300,gardeners kneeling pad cup of tea,-231.6
22105,mirror mosaic goblet candle holder,-228.0
22844,vintage cream dog food container,-227.8
21154,red retrospot oven glove,-227.0
22769,chalkboard kitchen organiser,-225.5
23175,regency milk jug pink,-225.5
22667,recipe box retrospot,-225.35000000000002
23581,jumbo bag paisley park,-224.76
22087,paper bunting white lace,-223.8
22778,glass cloche small,-223.12
23582,vintage doily jumbo bag red,-222.68
85103,silver t-light setting,-220.15
22776,sweetheart 3 tier cake stand,-219.95
23210,white rocking horse hand painted,-219.76
22383,lunch bag suki design,-217.4
21463,mirrored disco ball,-216.9
20733,gold mini tape measure,-216.0
22385,jumbo bag spaceboy design,-215.14
21671,red spot ceramic drawer knob,-214.81
23215,jingle bell heart antique silver,-214.8
23083,set 6 paper table lantern stars,-214.17000000000002
22389,paperweight save the planet,-210.0
22839,3 tier cake tin green and cream,-209.29999999999998
22866,hand warmer scotty dog design,-209.10000000000002
21537,red retrospot pudding bowl,-208.75
23084,rabbit night light,-208.4
22469,heart of wicker small,-207.95
84978,hanging heart jar t-light holder,-206.59
20829,glitter hanging butterfly string,-205.26
75049l,large circular mirror mobile,-204.2
20727,lunch bag  black skull.,-202.2
22103,mirror mosaic t-light holder round,-201.66000000000003
22930,baking mould heart milk chocolate,-201.6
22356,charlotte bag pink polkadot,-201.53
22220,cake stand lovebird 2 tier white,-201.5
22784,lantern cream gazebo,-200.85
22945,christmas metal tags assorted,-200.58
20979,36 pencils tube red retrospot,-200.0
23486,antique heart shelf unit,-199.65
21212,pack of 72 retrospot cake cases,-199.38
22625,red kitchen scales,-198.05
22936,baking mould rose white chocolate,-198.0
22935,baking mould rose milk chocolate,-198.0
71477,coloured glass star t-light holder,-197.46
22090,paper bunting retrospot,-196.4
22139,retrospot tea set ceramic 11 pc,-195.3
22649,strawberry fairy cake teapot,-195.20000000000002
22909,set of 20 vintage christmas napkins,-195.19
22929,school desk and chair,-195.0
22180,retrospot lamp,-194.65
22366,doormat airmail,-194.07000000000002
22654,deluxe sewing kit,-193.35000000000002
22193,red diner wall clock,-192.95
22791,t-light glass fluted antique,-192.75
22738,ribbon reel snowy village,-190.5
22470,heart of wicker large,-189.5
22968,rose cottage keepsake box,-188.85
21231,sweetheart ceramic trinket box,-188.08
22730,alarm clock bakelike ivory,-187.5
22464,hanging metal heart lantern,-186.9
22969,homemade jam scented candles,-185.79999999999998
37495,fairy cake birthday candle set,-183.75
22922,fridge magnets us diner assorted,-183.3
22364,glass jar digestive biscuits,-182.45000000000002
22071,small white retrospot mug in box,-180.5
23118,parisienne jewellery drawer,-180.0
22725,alarm clock bakelike chocolate,-180.0
22924,fridge magnets la vie en rose,-179.05
22848,bread bin diner style pink,-176.45
22618,cooking set retrospot,-174.18
21210,set of 72 retrospot paper  doilies,-173.65
22461,savoy art deco clock,-173.45
17003,brocade ring purse,-172.8
22303,coffee mug apples design,-171.15
82484,wood black board ant white finish,-170.95000000000002
35004c,set of 3 coloured  flying ducks,-170.6
20724,red retrospot charlotte bag,-170.31
23322,large white heart of wicker,-169.85000000000002
21181,please one person metal sign,-169.70000000000002
23301,gardeners kneeling pad keep calm,-168.89999999999998
22192,blue diner wall clock,-168.3
22943,christmas lights 10 vintage baubles,-165.5
21218,red spotty biscuit tin,-165.25
22083,paper chain kit retrospot,-165.20000000000002
23146,triple hook antique ivory rose,-164.1
84406b,cream cupid hearts coat hanger,-162.5
21166,cook with wine metal sign,-161.1
48129,doormat topiary,-159.15
22840,round cake tin vintage red,-158.0
22837,hot water bottle babushka,-157.65
21936,red retrospot picnic bag,-157.1
22668,pink baby bunting,-157.0
22106,mirror mosaic hurricane lamp,-156.75
22766,photo frame cornice,-156.35000000000002
22591,cardholder gingham christmas tree,-156.05
23165,large ceramic top storage jar,-154.5
23172,regency tea plate pink,-154.29999999999998
85023b,eau de nile jewelled photoframe,-153.75000000000003
22726,alarm clock bakelike green,-153.75
22728,alarm clock bakelike pink,-153.75
21850,blue  diamante pen in gift box,-153.0
21733,red hanging heart t-light holder,-152.95000000000002
84754,s/15 silver glass baubles in bag,-152.64
22457,natural slate heart chalkboard,-152.60000000000002
22622,box of vintage alphabet blocks,-151.34999999999997
23228,filigree heart bird white,-149.76
22088,paper bunting coloured lace,-149.2
22061,large cake stand  hanging strawbery,-149.04999999999998
21533,retrospot large milk jug,-147.9
21484,chick grey hot water bottle,-147.60000000000002
23171,regency tea plate green,-146.25
22418,10 colour spaceboy pen,-146.2
21430,set/3 red gingham rose storage box,-144.03
21673,white spot blue ceramic drawer knob,-143.95
23404,home sweet home blackboard,-143.55
22617,baking set spaceboy design,-142.15
23250,vintage red trim enamel bowl,-141.8
23075,parlour ceramic wall hook,-141.10000000000002
22952,60 cake cases vintage christmas,-140.4
23205,charlotte bag vintage alphabet,-140.25
22429,enamel measuring jug cream,-140.25
22810,set of 6 t-lights snowmen,-140.10000000000002
71053,white metal lantern,-139.77
21260,first aid tin,-139.75
22553,plasters in tin skulls,-138.6
23204,charlotte bag apples design,-138.34
22574,heart wooden christmas decoration,-138.24
22624,ivory kitchen scales,-137.7
23048,set of 10 lanterns fairy light star,-136.95
35004b,set of 3 black flying ducks,-136.79999999999998
21428,set3 book box green gingham flower,-136.25
22637,piggy bank retrospot,-136.2
22474,spaceboy tv dinner tray,-136.0
22333,retrospot party bag + sticker set,-135.3
85152,hand over the chocolate   sign,-135.22
84879,assorted colour bird ornament,-135.2
35400,wooden box advent calendar,-135.2
20726,lunch bag woodland,-134.9
79191c,retro plastic elephant tray,-134.29999999999998
22923,fridge magnets les enfants assorted,-134.0
84032b,charlie + lola red hot water bottle,-133.5
82583,hot baths metal sign,-133.46
22988,soldiers egg cup,-132.78
22798,antique glass dressing table pot,-132.75
22504,cabin bag vintage retrospot,-132.55
22186,red star card holder,-132.15
23155,knickerbockerglory magnet assorted,-129.71
23085,antique silver bauble lamp,-128.75
21135,victorian  metal postcard spring,-128.72
22669,red baby bunting,-127.5
84968a,set of 16 vintage rose cutlery,-127.5
22891,tea for one polkadot,-127.5
22842,biscuit tin vintage red,-127.45
22492,mini paint set vintage,-127.39999999999999
20866,blue rose fabric mirror,-127.2
82580,bathroom metal sign,-127.0
23154,set of 4 jam jar magnets,-126.88
22101,mirror mosaic votive holder,-126.36
22959,wrap christmas village,-126.0
23358,hot stuff hot water bottle,-125.94
23079,toadstool bedside light,-125.3
22179,set 10 night owl lights,-124.95
23158,set of 5 lucky cat magnets,-124.8
21658,glass  beurre dish,-124.58
47590b,pink happy birthday bunting,-124.1
22980,pantry scrubbing brush,-124.04999999999998
23252,vintage red enamel trim jug,-123.75
22379,recycling bag retrospot,-122.65
47351b,blue  voile lampshade,-122.4
35970,zinc folkart sleigh bells,-121.17000000000002
22084,paper chain kit empire,-120.95
22120,welcome  wooden block letters,-119.4
84665,square cherry blossom cabinet,-119.0
23008,dolly girl baby gift set,-118.65
22170,picture frame wood triple portrait,-118.65
21754,home building block word,-118.6
23247,biscuit tin 50's christmas,-118.54000000000002
22606,wooden skittles garden set,-118.25
22326,round snack boxes set of4 woodland,-118.00000000000001
22722,set of 6 spice tins pantry design,-118.0
22979,pantry washing up brush,-117.55000000000001
22627,mint kitchen scales,-117.21000000000001
22938,cupcake lace paper set 6,-117.0
22729,alarm clock bakelike orange,-115.89
23239,set of 4 knick knack tins poppies,-115.8
22892,set of salt and pepper toadstools,-115.19
21669,blue stripe ceramic drawer knob,-115.00999999999999
47590a,blue happy birthday bunting,-114.80000000000001
21906,pharmacie first aid tin,-114.75
84792,enchanted bird coathanger 5 hook,-114.69
23163,regency sugar tongs,-114.4
22109,full english breakfast plate,-114.39
22355,charlotte bag suki design,-113.59
21820,glitter heart garland with bells,-112.5
22578,wooden star christmas scandinavian,-112.49
23240,set of 4 knick knack tins doily,-111.65
22867,hand warmer bird design,-111.30000000000001
22168,organiser wood antique white,-110.5
23208,lunch bag vintage leaf design,-109.85
47599b,blue party bags,-109.2
22694,wicker star,-109.2
21539,red retrospot butter dish,-108.95
22556,plasters in tin circus parade,-108.9
15034,paper pocket traveling fan,-108.29000000000002
22780,light garland butterfiles pink,-106.25
22779,wooden owls light garland,-106.25
84997b,red 3 piece retrospot cutlery set,-105.0
22398,magnets pack of 4 swallows,-105.0
23351,roll wrap 50's christmas,-104.88
22130,party cone christmas decoration,-104.53
22113,grey heart hot water bottle,-104.25
22628,picnic boxes set of 3 retrospot,-103.95
22593,christmas gingham star,-103.68
22595,christmas gingham heart,-103.68
22841,round cake tin vintage green,-103.35000000000001
71459,hanging jam jar t-light holder,-103.33
23082,set 6 paper table lantern hearts,-103.16
21668,red stripe ceramic drawer knob,-102.67
84012,magic sheep wool growing from paper,-102.0
23007,spaceboy baby gift set,-101.7
84818,danish rose photo frame,-101.45
23176,abc treasure book box,-101.25
21873,if you can't stand the heat mug,-100.07000000000001
23041,paper lantern 9 point snow star,-99.6
22940,feltcraft christmas fairy,-99.5
21868,potting shed tea mug,-99.41
21485,retrospot heart hot water bottle,-99.0
22430,enamel watering can cream,-99.0
84380,set of 3 butterfly cookie cutters,-98.75
23315,ivory refectory clock,-97.8
48138,doormat union flag,-97.5
84945,multi colour silver t-light holder,-97.46
22362,glass jar peacock bath salts,-97.35000000000001
23206,lunch bag apple design,-97.15
22605,wooden croquet garden set,-97.0
21670,blue spot ceramic drawer knob,-96.25
37450,ceramic cake bowl + hanging cakes,-96.2
84991,60 teatime fairy cake cases,-95.69999999999999
84944,set of 6 kashmir folkart baubles,-95.69999999999999
23275,set of 3 hanging owls ollie beak,-95.41
23526,wall art dog licence,-95.2
23240,set of 4 knick knack tins doiley,-95.05
22231,jigsaw tree with birdhouse,-95.05
22041,"record frame 7"" single size",-93.75
84997d,pink 3 piece polkadot cutlery set,-93.75
20977,36 pencils tube woodland,-93.75
21528,dairy maid traditional teapot,-93.3
23198,pantry magnetic  shopping list,-92.8
22629,spaceboy lunch box,-92.7
22144,christmas craft little friends,-92.4
21259,victorian sewing box small,-92.2
22963,jam jar with green lid,-90.86
23080,red metal box top secret,-90.75
21121,set/10 red polkadot party candles,-90.0
84378,set of 3 heart cookie cutters,-90.0
22693,grow a flytrap or sunflower in tin,-90.0
84616,silver roccoco chandelier,-89.85
23487,sweet heart cake carrier,-89.55
21217,red retrospot round cake tins,-89.55
84459a,pink metal chicken heart,-89.39999999999999
84929,asstd fruit+flowers fridge magnets,-89.29
22926,ivory giant garden thermometer,-89.25
21622,vintage union jack cushion cover,-89.1
37446,mini cake stand with hanging cakes,-88.85
21974,set of 36 paisley flower doilies,-88.44999999999999
21257,victorian sewing box medium,-88.4
22156,heart decoration with pearls,-88.21
22845,vintage cream cat food container,-88.1
22829,sweetheart wire wall tidy,-87.9
23249,vintage red enamel trim plate,-87.71000000000001
22442,grow your own flowers set of 3,-87.45
20719,woodland charlotte bag,-87.4
22060,large cake stand hanging hearts,-87.2
22734,set of 6 ribbons vintage christmas,-86.7
85159b,"white tea,coffee,sugar jars",-86.54
22623,box of vintage jigsaw blocks,-85.2
22993,set of 4 pantry jelly moulds,-85.0
21915,red  harmonica in box,-83.75
22809,set of 6 t-lights santa,-83.70000000000002
22927,green giant garden thermometer,-83.3
23194,gymkhana treasure book box,-83.25
22577,wooden heart christmas scandinavian,-83.05
23254,childrens cutlery dolly girl,-83.0
23045,paper lantern 5 point star moon,-83.0
84032a,charlie+lola pink hot water bottle,-82.60000000000001
22508,doorstop retrospot heart,-82.5
21499,blue polkadot wrap,-82.5
85159a,"black tea,coffee,sugar jars",-82.39999999999999
22579,wooden tree christmas scandinavian,-81.6
23236,storage tin vintage doily,-80.92
21535,red retrospot small milk jug,-80.69999999999999
21452,toadstool money box,-80.2
22571,rocking horse red christmas,-80.17
22965,3 traditional biscuit cutters  set,-79.80000000000001
23126,feltcraft girl amelie kit,-79.2
23393,home sweet home cushion cover,-78.75
21216,"set 3 retrospot tea,coffee,sugar",-78.5
22795,sweetheart recipe book stand,-78.45
22989,set 2 pantry design tea towels,-78.0
20975,12 pencils small tube red retrospot,-78.0
23092,large antique white photo frame,-77.75
84817,danish rose decorative plate,-77.7
22380,toy tidy spaceboy,-77.7
21672,white spot red ceramic drawer knob,-77.55
23004,travel card wallet pantry,-77.28
21275,zinc top  2 door wooden shelf,-76.75
22312,office mug warmer polkadot,-76.70000000000002
22526,wheelbarrow for children,-76.5
22486,plasmatronic lamp,-76.5
22485,set of 2 wooden market crates,-76.5
22357,kings choice biscuit tin,-76.5
22626,black kitchen scales,-76.5
22107,pizza plate in box,-76.25
21156,retrospot childrens apron,-76.05
23032,drawer knob crackle glaze ivory,-75.9
21845,dairy maid stripe mug,-75.64
20893,hanging bauble t-light holder small,-75.60000000000001
20934,set/3 pot plant candles,-75.30000000000001
22832,brocante shelf with hooks,-75.25
23077,doughnut lip gloss,-75.0
23212,heart wreath decoration with bell,-75.0
23458,dolly cabinet 3 drawers,-74.75
22760,"tray, breakfast in bed",-74.7
22998,travel card wallet keep calm,-74.34
21429,red gingham rose jewellery box,-74.1
21810,christmas hanging star with bell,-73.75
23020,glass  songbird storage jar,-73.65
82600,no singing metal sign,-73.30000000000001
85034c,3 rose morris boxed candles,-73.0
22947,wooden advent calendar red,-72.92
23251,vintage red enamel trim mug,-72.5
21190,pink hearts paper garland,-72.5
21790,vintage snap cards,-72.24999999999999
22962,jam jar with pink lid,-72.11999999999999
22957,set 3 paper vintage chick paper egg,-71.9
22158,3 hearts hanging decoration rustic,-71.75
22057,ceramic plate strawberry design,-71.52
22072,red retrospot tea cup and saucer,-71.25
22801,antique glass pedestal bowl,-70.89
23470,card holder love bird large,-70.7
22128,party cones candy assorted,-70.0
23225,cherub heart decoration silver,-69.72
22211,wood stamp set flowers,-69.6
22198,large popcorn holder,-69.35
21812,garland with hearts and bells,-69.30000000000001
22939,apron apple delight,-69.30000000000001
21363,home small wood letters,-69.3
22983,card billboard font,-68.76
21730,glass star frosted t-light holder,-68.6
22367,childrens apron spaceboy design,-68.25
23480,mini lights woodland mushrooms,-68.1
90185c,black diamante expandable ring,-68.0
84247e,pack of 12 christmas fun cards,-67.85000000000001
84352,silver christmas tree bauble stand,-67.8
23324,rustic strawberry jam pot large,-67.50999999999999
21591,cosy hour cigar box matches,-67.5
22843,biscuit tin vintage green,-67.5
37448,ceramic cake design spotted mug,-67.05
22558,clothes pegs retrospot pack 24,-66.58
23042,paper lantern 7 point snow star,-66.5
22737,ribbon reel christmas present,-66.0
22951,60 cake cases dolly girl design,-66.0
51014l,"feather pen,light pink",-65.88
23168,classic cafe sugar dispenser,-65.61
23238,set of 4 knick knack tins london,-65.60000000000001
c2,carriage,-65.0
20682,red retrospot childrens umbrella,-65.0
22299,pig keyring with light & sound,-65.0
22967,set 3 song bird paper eggs assorted,-64.9
22621,traditional knitting nancy,-64.75
23127,feltcraft girl nicole kit,-64.35
22631,circus parade lunch box,-64.35
23313,vintage christmas bunting,-64.35
23321,small white heart of wicker,-64.35
21534,dairy maid large milk jug,-64.35
23184,bull dog bottle opener,-64.35
22325,mobile vintage hearts,-64.35
46000s,polyester filler pad 40x40cm,-63.8
23382,box of 6 christmas cake decorations,-63.75
20749,assorted colour mini cases,-63.6
85116,black candelabra t-light holder,-63.00000000000001
20723,strawberry charlotte bag,-62.71
20961,strawberry bath sponge,-62.5
23314,vintage christmas tablecloth,-62.5
23022,small bonne jam jar  t-light holder,-62.400000000000006
84992,72 sweetheart fairy cake cases,-62.14
22665,recipe box blue sketchbook design,-62.1
22027,tea party birthday card,-61.92
84535b,fairy cakes notebook a6 size,-61.75
21124,set/10 blue polkadot party candles,-61.25
21122,set/10 pink polkadot party candles,-61.25
21288,stripey chocolate nesting boxes,-61.2
51014a,"feather pen,hot pink",-61.2
22897,oven mitt apples design,-60.9
21655,hanging ridge glass t-light holder,-60.84
21352,eucalyptus & pinecone  wreath,-60.75
84598,boys alphabet iron on patches,-60.48
84279p,cherry blossom  decorative flask,-60.0
23267,set of 4 santa place settings,-60.0
23226,filigree heart daisy white,-60.0
23078,ice cream pen lip gloss,-60.0
84632,decorative hanging shelving unit,-59.95
22770,mirror cornice,-59.8
21198,white heart confetti in tube,-59.760000000000005
23407,set of 2 trays home sweet home,-59.699999999999996
23397,foot stool home sweet home,-59.699999999999996
20821,goldie looking mirror,-59.400000000000006
21846,pink diamante pen in gift box,-59.400000000000006
22301,coffee mug cat + bird design,-59.4
21891,traditional wooden skipping rope,-59.31999999999999
23209,lunch bag vintage doily,-59.2
22632,hand warmer red retrospot,-59.150000000000006
21242,red retrospot plate,-59.15
21876,pottering mug,-58.9
23263,set of 3 wooden heart decorations,-58.75
21844,red retrospot mug,-58.60000000000001
22653,button box,-58.5
15056p,edwardian parasol pink,-58.2
84029g,knitted union flag hot water bottle,-58.0
21792,classic french style basket green,-57.95
22371,airline bag vintage tokyo 78,-57.78
22488,natural slate rectangle chalkboard,-57.75
23015,cordial glass jug,-57.75
23283,doormat vintage leaf,-57.45
85053,french enamel candleholder,-57.160000000000004
23237,set of 4 knick knack tins leaf,-56.900000000000006
22788,brocante coat rack,-56.8
21262,white goose feather christmas tree,-56.75
22381,toy tidy pink polkadot,-56.45
22585,pack of 6 birdy gift tags,-56.25
21888,bingo set,-56.25
23242,treasure tin buffalo bill,-56.160000000000004
22064,pink doughnut trinket pot,-56.15
22077,6 ribbons rustic charm,-56.1
22242,5 hook hanger magic toadstool,-56.1
22972,children's spaceboy mug,-56.1
21977,pack of 60 pink paisley cake cases,-55.55
21932,scandinavian paisley picnic bag,-55.349999999999994
84688,beach hut design blackboard,-55.25
21137,black record cover frame,-55.17
84880,white wire egg holder,-55.1
22232,jigsaw toadstools 3 piece,-54.72
21908,chocolate this way metal sign,-54.60000000000001
22633,hand warmer union jack,-54.6
23302,kneeling mat housework  design,-54.24
79323p,pink cherry lights,-54.0
79323b,black cherry lights,-54.0
22179,set 10 lights night owl,-54.0
79323w,white cherry lights,-54.0
23002,travel card wallet skulls,-53.76
21055,tool box soft toy,-53.7
20679,edwardian parasol red,-53.550000000000004
22320,birds mobile vintage design,-53.550000000000004
23356,love hot water bottle,-53.55
23099,french carriage lantern,-53.2
22413,metal sign take it or leave it,-53.10000000000001
22808,set of 6 t-lights easter chicks,-53.1
22859,easter tin bunny bouquet,-52.800000000000004
84750a,pink small glass cake stand,-52.65
16169e,wrap 50's  christmas,-52.5
23159,set of 5 pancake day magnets,-52.0
21361,love large wood letters,-51.0
85019c,curious  images notebook set,-51.0
84968c,set of 16 vintage pistachio cutlery,-51.0
21205,multicolour 3d balls garland,-51.0
84826,asstd design 3d paper stickers,-51.0
23010,circus parade baby gift set,-50.849999999999994
21833,camouflage led torch,-50.7
22902,tote bag i love london,-50.400000000000006
22212,four hook  white lovebirds,-50.400000000000006
22217,t-light holder hanging lace,-50.0
22494,emergency first aid tin,-50.0
84997a,childrens cutlery polkadot green,-49.95
23392,spaceboy rocket lolly makers,-49.92
23156,set of 5 mini grocery magnets,-49.92
23140,triple wire hook ivory heart,-49.8
23413,vintage coffee grinder box,-49.8
23354,6 gift tags 50's christmas,-49.8
22763,key cabinet ma campagne,-49.75
23460,sweetheart wall tidy,-49.75
22167,oval wall mirror diamante,-49.75
22079,ribbon reel hearts design,-49.5
23081,green metal box army supplies,-49.5
21524,doormat spotty home sweet home,-48.9
22349,dog bowl chasing ball design,-48.75
21927,blue/cream stripe cushion cover,-48.75
23542,wall art 70's alphabet,-48.7
90160a,purple boudicca large bracelet,-48.65
23307,set of 60 pantry design cake cases,-48.4
22690,doormat home sweet home blue,-48.3
21530,dairy maid toastrack,-48.190000000000005
23221,reindeer heart decoration silver,-48.14
22551,plasters in tin spaceboy,-47.85
22554,plasters in tin woodland animals,-47.85
22536,magic drawing slate purdey,-47.82
20750,red retrospot mini cases,-47.7
48184,doormat english rose,-47.7
22925,blue giant garden thermometer,-47.6
23348,childrens toy cooking utensil set,-47.260000000000005
21351,cinammon & orange wreath,-47.25
21937,strawberry   picnic bag,-47.2
85063,cream sweetheart magazine rack,-46.849999999999994
21642,assorted tutti frutti pen,-46.54
47567b,tea time kitchen apron,-46.3
23234,biscuit tin vintage christmas,-46.24
23103,jingle bell heart decoration,-46.2
23029,drawer knob crackle glaze green,-46.199999999999996
22896,peg bag apples design,-45.900000000000006
22307,gold mug bone china tree of life,-45.9
23203,jumbo bag doiley patterns,-45.760000000000005
37342,polkadot coffee cup & saucer pink,-45.68
21068,vintage billboard love/hate mug,-45.66
20931,blue pot plant candle,-45.050000000000004
22073,red retrospot storage jar,-45.0
23193,buffalo bill treasure book box,-45.0
21821,glitter star garland with bells,-45.0
22426,enamel wash bowl cream,-45.0
21914,blue harmonica in box,-45.0
21791,vintage heads and tails card game,-45.0
23177,treasure island book box,-45.0
84755,colour glass t-light holder hanging,-44.85
22557,plasters in tin vintage paisley,-44.55
22327,round snack boxes set of 4 skulls,-44.25
22439,6 rocket balloons,-44.2
22907,pack of 20 napkins pantry design,-44.199999999999996
21277,french style embossed heart cabinet,-43.9
22761,chest 7 drawer ma campagne,-43.9
84836,zinc metal heart decoration,-43.75
23091,zinc herb garden container,-43.75
23287,red vintage spot beaker,-43.349999999999994
22741,funky diva pen,-43.349999999999994
21399,blue polkadot coffee mug,-43.29
21238,red retrospot cup,-43.22
22701,pink dog bowl,-43.0
20718,red retrospot shopper bag,-42.99
23297,set 40 heart shape petit four cases,-42.9
21626,vintage union jack pennant,-42.9
51014c,"feather pen,coal black",-42.9
23347,i love london beaker,-42.5
22294,heart filigree dove  small,-42.5
21381,mini wooden happy birthday garland,-42.25
22465,hanging metal star lantern,-42.15
21864,union jack flag passport cover,-42.0
21098,christmas toilet roll,-41.91
22646,ceramic strawberry cake money bank,-41.9
23534,wall art stop for tea,-41.650000000000006
84625c,blue new baroque candlestick candle,-41.65
22777,glass cloche large,-41.65
23286,blue vintage spot beaker,-41.65
21832,chocolate calculator,-41.25
85175,cacti t-light candles,-41.160000000000004
48173c,doormat black flock,-40.95
84031b,charlie lola blue hot water bottle,-40.95
23229,vintage donkey tail game,-40.89
22586,feltcraft hairband pink and blue,-40.800000000000004
22352,lunch box with cutlery retrospot,-40.8
84800l,large white/pink rose art flower,-40.56
85141,jardin etched glass fruitbowl,-40.55
23235,storage tin vintage leaf,-40.46
22818,card christmas village,-40.32
20711,jumbo bag toys,-40.31
22342,home garland painted zinc,-40.2
21523,doormat fancy font home sweet home,-40.05
48188,doormat welcome puppies,-40.05
22444,grow your own plant in a can,-40.0
22094,red retrospot tissue box,-39.97
21686,medina stamped metal stool,-39.95
82582,area patrolled metal sign,-39.9
23414,zinc box sign home,-39.8
21623,vintage union jack memoboard,-39.8
21777,recipe box with metal heart,-39.75
22794,sweetheart wire magazine rack,-39.75
21645,assorted tutti frutti round box,-39.6
22476,empire union jack tv dinner tray,-39.6
22332,skulls party bag + sticker set,-39.6
22759,set of 3 notebooks in parcel,-39.6
23433,hanging quilted patchwork apples,-39.010000000000005
84031a,charlie+lola red hot water bottle,-39.0
22863,soap dish brocante,-38.35000000000001
84947,antique silver tea glass engraved,-38.29
21980,pack of 12 red retrospot tissues,-38.28
90185b,amethyst diamante expandable ring,-38.25
23311,vintage christmas stocking,-38.25
72807a,set/3 rose candle in jewelled box,-38.25
21464,disco ball rotator battery operated,-38.25
22915,assorted bottle top  magnets,-37.8
22055,mini cake stand  hanging strawbery,-37.75
22971,queens guard coffee mug,-37.65
23320,giant 50's christmas cracker,-37.57
23459,dolly cabinet 2 drawers,-37.5
22771,clear drawer knob acrylic edwardian,-37.5
47559b,tea time oven glove,-37.5
22800,antique tall swirlglass trinket pot,-37.5
22680,french blue metal door sign 5,-37.5
23255,childrens cutlery circus parade,-37.35
15058a,blue polkadot garden parasol,-37.35
15058b,pink polkadot garden parasol,-37.35
23130,mistletoe heart wreath green,-37.35
84766,silver rococo candle stick,-37.25
84849d,hot baths soap holder,-37.18
22197,small popcorn holder,-37.14
22607,wooden rounders garden set,-36.9
21703,bag 125g swirly marbles,-36.54
23144,zinc t-light holder stars small,-36.52
21531,red retrospot sugar jam bowl,-36.449999999999996
22973,children's circus parade mug,-36.3
23197,sketchbook magnetic shopping list,-36.25
72741,grand chocolatecandle,-36.25
21975,pack of 60 dinosaur cake cases,-36.06
22824,3 tier sweetheart garden shelf,-35.95
22059,ceramic strawberry design mug,-35.76
85014a,black/blue polkadot umbrella,-35.7
22584,pack of 6 panettone gift boxes,-35.7
22748,poppy's playhouse kitchen,-35.7
22928,yellow giant garden thermometer,-35.7
23014,glass apothecary bottle elixir,-35.55
20897,vintage notebook paris days,-35.400000000000006
21696,small silver trellis candlepot,-35.400000000000006
22804,candleholder pink hanging heart,-35.400000000000006
21559,strawberry lunch box with cutlery,-35.25
23309,set of 60 i love london cake cases,-35.2
84799,sprig lavender artificial flower,-35.16
22434,balloon pump with 10 balloons,-35.1
22775,purple drawerknob acrylic edwardian,-35.0
22361,glass jar daisy fresh cotton wool,-35.0
21875,kings choice mug,-35.0
23076,ice cream sundae lip gloss,-35.0
22291,hanging chick cream decoration,-34.8
21824,painted metal star with holly bells,-34.8
23106,zinc hearts plant pot holder,-34.68
21813,garland with stars and bells,-34.650000000000006
21197,multicolour  confetti in tube,-34.65
22555,plasters in tin strongman,-34.65
23128,feltcraft boy jean-paul kit,-34.65
21933,pink vintage paisley picnic bag,-34.45
21042,red retrospot apron,-34.4
85172,hyacinth bulb t-light candles,-34.02
22199,frying pan red retrospot,-34.0
22602,retrospot wooden heart decoration,-34.0
22507,memo board retrospot  design,-33.95
84509a,set of 4 english rose placemats,-33.75
20793,blue tiled tray,-33.75
23296,set of 6 tea time baking cases,-33.75
22675,french kitchen sign blue metal,-33.75
22970,london bus coffee mug,-33.6
22141,christmas craft tree top angel,-33.6
22233,jigsaw rabbit and birdhouse,-33.59
22937,baking mould chocolate cupcakes,-33.15
21586,kings choice giant tube matches,-33.15
22300,coffee mug dog + ball design,-33.15
23181,bull dog bottle top wall clock,-33.0
22974,childrens dolly girl mug,-33.0
23031,drawer knob crackle glaze pink,-33.0
23661,milk maids mug,-33.0
22082,ribbon reel stripes design,-33.0
23006,travel card wallet flower meadow,-32.76
22997,travel card wallet union jack,-32.76
22567,20 dolly pegs retrospot,-32.7
21870,i can only please one person mug,-32.5
21889,wooden box of dominoes,-32.5
22162,heart garland rustic padded,-32.45
84247k,"folk art greeting card,pack/12",-32.45
21713,citronella candle flowerpot,-32.35
22263,felt egg cosy ladybird,-32.34
23253,16 piece cutlery set pantry design,-31.9
48187,doormat new england,-31.8
22283,6 egg house painted wood,-31.8
23012,glass apothecary bottle perfume,-31.6
22189,cream heart card holder,-31.6
21705,bag 500g swirly marbles,-31.6
22045,spaceboy gift wrap,-31.5
23230,wrap alphabet design,-31.5
22700,black and white dog bowl,-31.300000000000004
21644,assorted tutti frutti heart box,-31.25
22244,3 hook hanger magic garden,-31.2
22596,christmas star wish list chalkboard,-30.72
90174,butterfly hair band,-30.6
84798a,pink foxglove artiifcial flower,-30.6
22582,pack of 6 sweetie gift boxes,-30.6
21700,big doughnut fridge magnets,-30.6
47580,tea time des tea cosy,-30.6
21039,red retrospot shopping bag,-30.6
22302,coffee mug pears  design,-30.6
21284,retrospot candle  small,-30.36
21240,blue polkadot cup,-30.34
23120,pack of 6 small fruit straws,-30.240000000000002
22098,boudoir square tissue box,-30.11
23350,roll wrap vintage spot,-30.0
72817,set of 2 christmas decoupage candle,-30.0
72816,set/3 christmas decoupage candles,-30.0
22982,pantry pastry brush,-30.0
23211,red rocking horse hand painted,-30.0
23183,mother's kitchen spoon rest,-30.0
23349,roll wrap vintage christmas,-30.0
22399,magnets pack of 4 childhood memory,-30.0
35953,folkart star christmas decorations,-30.0
84828,jungle popsicles ice lolly moulds,-30.0
23299,food cover with beads set 2,-30.0
21123,set/10 ivory polkadot party candles,-30.0
22550,holiday fun ludo,-30.0
22686,french blue metal door sign no,-30.0
20972,pink cream felt craft trinket box,-30.0
90013a,midnight blue vintage earrings,-30.0
21667,glass cake cover and plate,-29.9
21628,triangular pouffe vintage,-29.9
21344,moroccan beaten metal dish,-29.85
20703,blue padded soft mobile,-29.75
21624,vintage union jack doorstop,-29.75
23325,rustic strawberry jam pot small,-29.700000000000003
22912,yellow coat rack paris fashion,-29.700000000000003
21770,open closed metal sign,-29.700000000000003
22278,overnight bag vintage rose paisley,-29.7
22425,enamel colander cream,-29.7
23328,set 6 school milk bottles in crate,-29.64
20932,pink pot plant candle,-29.5
22153,angel decoration stars on dress,-29.400000000000002
22964,3 piece spaceboy cookie cutter set,-29.4
21067,vintage red teatime mug,-29.380000000000003
22148,easter craft 4 chicks,-29.25
22812,pack 3 boxes christmas pannetone,-29.25
21169,you're confusing me metal sign,-29.220000000000002
23408,photo frame linen and lace small,-29.12
23026,drawer knob vintage glass star,-29.12
22597,musical zinc heart decoration,-28.9
22306,silver mug bone china tree of life,-28.7
20803,small pink glass sundae dish,-28.56
85040a,s/4 pink flower candles in bowl,-28.05
22329,round container set of 5 retrospot,-28.05
22466,fairy tale cottage night light,-28.05
22662,lunch bag dolly girl design,-28.049999999999997
21899,"key fob , garage design",-27.95
85180a,red hearts light chain,-27.9
20704,mr robot soft toy,-27.8
37370,retro coffee mugs assorted,-27.8
21874,gin and tonic mug,-27.71
21232,strawberry ceramic trinket pot,-27.5
20717,strawberry shopper bag,-27.5
20676,red retrospot bowl,-27.5
23149,antique ivory wire bowl small,-27.39
84375,set of 20 kids cookie cutters,-27.300000000000004
21903,man flu metal sign,-27.300000000000004
21907,i'm on holiday metal sign,-27.300000000000004
22745,poppy's playhouse bedroom,-27.299999999999997
22432,watering can pink bunny,-27.299999999999997
71038,white hanging beads candle holder,-27.25
84849a,hello sailor blue soap holder,-27.04
21581,skulls  design  cotton tote bag,-27.0
21349,ivy heart wreath,-27.0
23293,set of 12 fairy cake baking cases,-26.56
21743,star portable table light,-26.55
22672,french bathroom sign blue metal,-26.4
21213,pack of 72 skull cake cases,-26.4
23660,henrietta hen mug,-26.4
23152,ivory sweetheart wire letter rack,-26.25
22856,assorted easter decorations  bells,-26.25
23292,spaceboy childrens cup,-26.25
23409,photo frame linen and lace large,-26.25
23395,belle jardiniere cushion cover,-26.25
84279b,cherry blossom decorative flask,-26.25
23527,wall art animals and nature,-26.25
23483,hanging  butterfly t-light holder,-26.240000000000002
72818,christmas decoupage candle,-25.92
22270,happy easter hanging decoration,-25.89
23089,glass bon bon jar,-25.65
82001s,vinyl record frame silver,-25.53
21411,gingham heart  doorstop red,-25.5
85035a,gardenia 3 wick morris boxed candle,-25.5
90185a,amber diamante expandable ring,-25.5
85036b,chocolate 1 wick morris box candle,-25.5
21244,blue polkadot plate,-25.349999999999998
22417,pack of 60 spaceboy cake cases,-25.299999999999997
22746,poppy's playhouse livingroom,-25.2
22664,toy tidy dolly girl design,-25.2
47503a,ass floral print multi screwdriver,-25.08
21714,citronella candle garden pot,-25.0
21289,large stripes chocolate gift bag,-25.0
23094,le grand tray chic set,-25.0
23335,egg frying pan ivory,-24.96
22764,"rustic wooden cabinet, glass doors",-24.95
23131,mistletoe heart wreath cream,-24.9
37500,tea time teapot in gift box,-24.849999999999998
23049,recycled acapulco mat red,-24.75
22860,easter tin chicks pink daisy,-24.75
20857,blue rose patch purse pink butterfl,-24.75
22505,memo board cottage design,-24.75
22652,travel sewing kit,-24.75
85127,small square cut glass candlestick,-24.75
22914,blue coat rack paris fashion,-24.75
22645,ceramic heart fairy cake money bank,-24.449999999999996
48116,doormat multicolour stripe,-24.15
22691,doormat welcome sunrise,-24.15
22196,small heart measuring spoons,-24.13
20801,large pink glass sundae dish,-24.0
37447,ceramic cake design spotted plate,-23.89
48194,doormat hearts,-23.85
84631,fruit tree and birds wall plaque,-23.85
22692,doormat welcome to our home,-23.85
22166,wall mirror rectangle diamante pink,-23.85
21755,love building block word,-23.8
84820,danish rose trinket trays,-23.8
22499,wooden union jack bunting,-23.8
84687,beach hut shelf w 3 drawers,-23.8
23536,wall art village show,-23.8
85194l,hanging spring flower egg large,-23.799999999999997
22600,christmas retrospot star wood,-23.799999999999997
84946,antique silver tea glass etched,-23.75
22460,embossed glass tealight holder,-23.75
23013,glass apothecary bottle tonic,-23.7
21313,glass heart t-light holder,-23.62
22358,kings choice tea caddy,-23.6
22271,feltcraft doll rosie,-23.6
22744,make your own monsoon card kit,-23.6
22454,measuring tape babushka red,-23.6
22246,magic garden felt garland,-23.4
84625a,pink new baroquecandlestick candle,-23.3
20854,blue patch purse pink heart,-23.1
23132,small ivory heart wall organiser,-23.0
22181,snowstorm photo frame fridge magnet,-22.95
20794,blue  tile hook,-22.95
84997c,childrens cutlery polkadot blue,-22.9
23427,stool home sweet home,-22.9
84050,pink heart shape egg frying pan,-22.7
21829,dinosaur keyrings assorted,-22.68
23523,wall art treasure ahoy,-22.5
23525,wall art buffalo bill,-22.5
23524,wall art horse & pony,-22.5
85059,french enamel water basin,-22.5
21579,lolita  design  cotton tote bag,-22.5
22750,feltcraft princess lola doll,-22.5
84997b,childrens cutlery retrospot red,-22.5
23119,pack of 6 large fruit straws,-22.32
22219,lovebird hanging decoration white,-22.099999999999998
15039,sandalwood fan,-22.099999999999998
22065,christmas pudding trinket pot,-22.02
23147,single antique rose hook ivory,-21.75
84987,set of 36 teatime paper doilies,-21.75
23188,vintage  2 meter folding ruler,-21.45
22736,ribbon reel making snowmen,-21.45
22150,3 stripey mice feltcraft,-21.45
22068,black pirate treasure chest,-21.45
22663,jumbo bag dolly girl design,-21.45
22284,hen house decoration,-21.45
35971,rose folkart heart decorations,-21.25
22852,dog bowl vintage cream,-21.25
21498,red retrospot wrap,-21.0
22704,wrap red apples,-21.0
22710,wrap i love london,-21.0
22052,vintage caravan gift wrap,-21.0
22711,wrap circus parade,-21.0
22428,enamel fire bucket cream,-20.85
35648,vintage bead pink purse,-20.75
85034a,3 gardenia morris boxed candles,-20.75
90201b,black enamel flower ring,-20.650000000000002
22318,five heart hanging decoration,-20.650000000000002
22311,office mug warmer black+silver,-20.650000000000002
22274,feltcraft doll emily,-20.650000000000002
22995,travel card wallet suki,-20.580000000000002
21716,boys vintage tin seaside bucket,-20.4
22599,christmas musical zinc star,-20.4
21165,beware of the cat metal sign,-20.28
84970s,hanging heart zinc t-light holder,-20.2
84536b,fairy cakes notebook a7 size,-20.16
21830,assorted creepy crawlies,-20.16
21199,pink  heart confetti in tube,-20.16
22537,magic drawing slate dinosaur,-20.16
22535,magic drawing slate bunnies,-20.16
22155,star decoration rustic,-20.16
22449,silk purse babushka pink,-20.1
20802,small glass sundae dish clear,-20.07
23086,zinc  star t-light holder,-20.0
22251,birdhouse decoration magic garden,-20.0
20978,36 pencils tube skulls,-20.0
23372,set 36 colour pencils dolly girl,-20.0
23016,glass twist bon bon jar,-19.950000000000003
21034,rex cash+carry jumbo shopper,-19.95
23353,6 gift tags vintage christmas,-19.92
23222,christmas tree hanging gold,-19.92
21784,shoe shine box,-19.9
22221,cake stand lovebird 2 tier pink,-19.9
90147,chunky silver necklace pastel flowe,-19.9
22774,red drawer knob acrylic edwardian,-19.81
21911,garden metal sign,-19.8
90170,daisy hair band,-19.8
22074,6 ribbons shimmering pinks,-19.8
22295,heart filigree dove large,-19.8
35651,vintage bead pink scarf,-19.8
85045,green christmas tree string 20light,-19.8
22075,6 ribbons elegant christmas,-19.8
70007,hi tec alpine hand warmer,-19.8
22913,red coat rack paris fashion,-19.8
22163,heart string memo holder hanging,-19.75
23142,ivory wire kitchen organiser,-19.55
22853,cat bowl vintage cream,-19.5
22468,babushka lights string of 10,-19.45
20985,heart calculator,-19.43
84951a,set of 4 pistachio lovebird coaster,-18.96
35965,folkart heart napkin rings,-18.96
84988,set of 72 pink heart paper doilies,-18.849999999999998
21172,party metal sign,-18.849999999999998
23196,vintage leaf magnetic notepad,-18.849999999999998
23087,zinc  heart t-light holder,-18.75
21746,small red retrospot windmill,-18.75
85049e,scandinavian reds ribbons,-18.75
21470,flower vine raffia food cover,-18.75
22204,milk pan blue polkadot,-18.75
23401,rustic mirror with lace heart,-18.75
23423,pantry 3 hook rolling pin hanger,-18.75
23265,set of 3 wooden tree decorations,-18.75
23436,vintage christmas gift bag large,-18.75
23406,home sweet home key holder,-18.75
21811,hanging heart with bell,-18.72
84422,pink/blue disc/mirror string,-18.72
21788,kids rain mac blue,-18.5
22377,bottle bag retrospot,-18.45
21890,s/6 wooden skittles in cotton bag,-18.4
85194s,hanging spring flower egg small,-18.39
85047,white beaded garland string 20light,-18.25
35957,smallfolkart bauble christmas dec,-18.24
22243,5 hook hanger red magic toadstool,-18.15
22544,mini jigsaw spaceboy,-18.06
21056,doctor's bag soft toy,-17.9
84507c,blue circles design monkey doll,-17.85
90070,ruby glass cluster bracelet,-17.85
78033,flag of st george chair,-17.85
21239,pink  polkadot cup,-17.85
22276,wash bag vintage rose paisley,-17.85
21872,glamorous  mug,-17.72
23597,paper bunting paisley park,-17.700000000000003
22743,make your own flowerpower card kit,-17.700000000000003
90177e,drop diamante earrings green,-17.700000000000003
90177d,drop diamante earrings purple,-17.700000000000003
22495,set of 2 round tins camembert,-17.700000000000003
20898,vintage notebook travelogue,-17.700000000000003
21164,home sweet home metal sign,-17.700000000000003
90168,2 daisies hair comb,-17.700000000000003
90183a,amber drop earrings w long beads,-17.700000000000003
90182c,black 3 bead drop earrings,-17.700000000000003
72799e,ivory pillar candle silver flock,-17.700000000000003
22063,ceramic bowl with strawberry design,-17.700000000000003
90177c,drop diamante earrings crystal,-17.700000000000003
90177a,classic diamante earrings jet,-17.700000000000003
22911,paper chain kit london,-17.700000000000003
22895,set of 2 tea towels apple and pears,-17.700000000000003
90202b,white enamel flower hair tie,-17.700000000000003
90201c,red enamel flower ring,-17.700000000000003
90202d,pink enamel flower hair tie,-17.700000000000003
90202a,purple enamel flower hair tie,-17.700000000000003
90202c,green enamel flower hair tie,-17.700000000000003
47594a,carousel design washbag,-17.55
21926,red/cream stripe cushion cover,-17.5
85049g,chocolate box ribbons,-17.5
22731,3d christmas stamps stickers,-17.5
23425,storage tin home sweet home,-17.43
23268,set of 2 ceramic christmas reindeer,-17.4
23497,classic chrome bicycle bell,-17.4
22340,noel garland painted zinc,-17.4
22647,ceramic love heart money bank,-17.4
23139,single wire hook pink heart,-17.4
23138,single wire hook ivory heart,-17.4
21984,pack of 12 pink paisley tissues,-17.4
22949,36 doilies dolly girl,-17.4
23426,metal sign drop your pants,-17.34
23518,embroidered ribbon reel rachel,-17.34
90024b,new baroque b'fly necklace red,-17.0
84840,sweetheart carry-all basket,-17.0
21789,kids rain mac pink,-17.0
84609,tall rococo candle holder,-17.0
22215,cake stand white two tier lace,-17.0
22184,cake stand victorian filigree large,-17.0
22374,airline bag vintage jet set red,-17.0
22248,decoration  pink chick magic garden,-17.0
22194,black diner wall clock,-17.0
84819,danish rose round sewing box,-17.0
23244,round storage tin vintage leaf,-16.95
22339,christmas tree painted zinc,-16.93
21749,large red retrospot windmill,-16.8
79160,heart shape wireless doorbell,-16.8
21318,glass chalice blue small,-16.71
23469,card holder love bird small,-16.6
23461,sweetheart bird house,-16.6
23445,ice cream bubbles,-16.599999999999998
22081,ribbon reel flora + fauna,-16.5
22858,easter tin keepsake,-16.5
23541,wall art classic puddings,-16.5
22739,ribbon reel christmas sock bauble,-16.5
21934,skull shoulder bag,-16.5
23583,lunch bag paisley park,-16.5
23051,recycled acapulco mat blue,-16.5
20856,denim patch purse pink butterfly,-16.5
22080,ribbon reel polkadots,-16.5
23187,french style storage jar bonbons,-16.49
23000,travel card wallet transport,-16.38
23428,ivory retro kitchen wall clock,-16.3
85118,heart t-light holder,-16.25
22976,circus parade childrens egg cup,-16.25
22684,french blue metal door sign 9,-16.25
22674,french toilet sign blue metal,-16.25
21892,traditional wooden catch cup game,-16.25
22805,blue drawer knob acrylic edwardian,-16.25
22414,doormat neighbourhood witch,-16.2
20981,12 pencils tall tube woodland,-16.15
72802a,rose scent candle in jewelled box,-16.12
21208,pastel colour honeycomb fan,-15.989999999999998
21976,pack of 60 mushroom cake cases,-15.95
22142,christmas craft white fairy,-15.95
48111,doormat 3 smiley cats,-15.9
22443,grow your own herbs set of 3,-15.9
22365,doormat respectable house,-15.9
21577,save the planet cotton tote bag,-15.75
21459,yellow easter egg hunt start post,-15.6
21264,white goose feather tree 60cm,-15.6
47469,assorted shapes photo clip silver,-15.6
22431,watering can blue elephant,-15.6
21285,retrospot candle  medium,-15.6
90101,white frangipani necklace,-15.3
22343,party pizza dish red retrospot,-15.3
22345,party pizza dish blue polkadot,-15.3
85124b,blue juicy fruit photo frame,-15.3
84508b,stripes design teddy,-15.3
90098,necklace+bracelet pink butterfly,-15.3
90169,daisy hair comb,-15.3
84461,12 pink hen+chicks in basket,-15.3
90118,pink daisy bag charm,-15.3
22394,paperweight kings choice,-15.3
90208,pair of pink flower cluster slide,-15.3
21136,painted metal pears assorted,-15.209999999999999
23288,green vintage spot beaker,-15.17
21519,gin & tonic diet greeting card,-15.120000000000001
72586,set of 6 halloween ghost t-lights,-15.12
21801,christmas tree decoration with bell,-15.12
23289,dolly girl childrens bowl,-15.0
22619,set of 6 soldier skittles,-15.0
23266,set of 3 wooden stocking decoration,-15.0
21991,bohemian collage stationery set,-15.0
23333,ivory wicker heart medium,-15.0
21993,floral folk stationery set,-15.0
84997d,childrens cutlery polkadot pink,-15.0
23161,regency cake fork,-15.0
23213,star wreath decoration with bell,-15.0
22402,magnets pack of 4 vintage collage,-15.0
20658,red retrospot luggage tag,-15.0
21745,gaolers keys decorative garden,-15.0
20675,blue polkadot bowl,-15.0
90003d,crystal pair heart hair slides,-15.0
90022,edwardian drop earrings jet black,-15.0
90003e,green pair heart hair slides,-15.0
21747,small skull windmill,-15.0
22673,french garden sign blue metal,-15.0
22683,french blue metal door sign 8,-15.0
72815,3 wick christmas briar candle,-15.0
85049a,traditional christmas ribbons,-15.0
23574,packing charge,-15.0
23153,zinc sweetheart wire letter rack,-15.0
21066,vintage red mug,-15.0
21224,set/4 skull badges,-15.0
23444,next day carriage,-15.0
85169a,ivory love bird candle,-15.0
22200,frying pan pink polkadot,-15.0
85169c,eau de nil love bird candle,-15.0
22403,magnets pack of 4 vintage labels,-15.0
21643,assorted tutti frutti mirror,-15.0
90003b,rose colour pair heart hair slides,-15.0
23352,roll wrap 50's red christmas,-15.0
23396,le jardin botanique cushion cover,-15.0
21471,strawberry raffia food cover,-15.0
22396,magnets pack of 4 retro photo,-15.0
22855,fine wicker heart,-15.0
22435,set of 9 heart shaped balloons,-15.0
90003c,midnight blue pair heart hair slide,-15.0
23412,heart mirror antique white,-15.0
21990,modern floral stationery set,-15.0
22093,motoring tissue box,-15.0
22336,dove decoration painted zinc,-14.95
85042,antique lily fairy lights,-14.850000000000001
22854,cream sweetheart egg holder,-14.850000000000001
22182,cake stand victorian filigree small,-14.850000000000001
23114,vintage leaf chopping board,-14.850000000000001
21682,large medina stamped metal bowl,-14.85
85232a,set/3 polkadot stacking tins,-14.85
85232d,set/3 decoupage stacking tins,-14.85
22681,french blue metal door sign 6,-14.81
71279,pink glass candleholder,-14.75
21424,woodland storage box large,-14.75
22187,green christmas tree card holder,-14.7
21320,glass chalice green  large,-14.7
72760b,vintage cream 3 basket cake stand,-14.6
23241,treasure tin gymkhana design,-14.56
23236,doiley storage tin,-14.450000000000001
21080,set/20 red retrospot paper napkins,-14.45
23178,jam clock magnet,-14.45
22614,pack of 12 spaceboy tissues,-14.43
22046,tea party  wrapping paper,-14.28
85174,s/4 cacti candles,-14.15
23380,pack of 12 vintage doily tissues,-14.04
21090,set/6 collage paper plates,-14.04
85230g,orange votive candle,-13.919999999999998
21129,silver fishing gnome,-13.9
37501,tea time tea set in gift box,-13.9
90050,cracked glaze necklace ivory,-13.9
22678,french blue metal door sign 3,-13.75
22677,french blue metal door sign 2,-13.75
22676,french blue metal door sign 1,-13.75
22682,french blue metal door sign 7,-13.75
90058a,crystal stud earrings clear display,-13.68
90058b,crystal stud earrings assorted col,-13.68
21326,aged glass silver t-light holder,-13.65
22230,jigsaw tree with watering can,-13.53
21243,pink  polkadot plate,-13.52
22825,decorative plant pot with frieze,-13.5
21110,large cake towel pink spots,-13.5
84536a,english rose notebook a7 size,-13.44
90204,pair of enamel butterfly hairclip,-13.4
23431,natural hanging quilted hearts,-13.280000000000001
23374,red spot paper gift bag,-13.12
22644,ceramic cherry cake money bank,-13.05
23035,drawer knob ceramic ivory,-13.049999999999999
84692,box of 24 cocktail parasols,-13.02
22436,12 coloured party balloons,-13.0
16054,popart rect pencil sharpener asst,-12.96
22620,4 traditional spinning tops,-12.9
85065,cream sweetheart trays,-12.75
84968d,set of 16 vintage red cutlery,-12.75
72807b,set/3 ocean scent candle jewel box,-12.75
84030e,english rose hot water bottle,-12.75
22282,12 egg house painted wood,-12.75
22165,"diamante heart shaped wall mirror,",-12.75
90062,carnival bracelet,-12.75
21633,sunflower decorative parasol,-12.75
90148,long silver necklace pastel flower,-12.75
85163b,black baroque wall clock,-12.75
85173,set/6 frog prince t-light candles,-12.75
20901,vintage keepsake box pink flower,-12.7
20795,large blue provencal ceramic ball,-12.6
47599a,pink party bags,-12.6
22994,travel card wallet retrospot,-12.6
16237,sleeping cat erasers,-12.6
22747,poppy's playhouse bathroom,-12.6
90209a,purple enamel+glass hair comb,-12.6
23065,large deco jewellery stand,-12.5
22679,french blue metal door sign 4,-12.5
23291,dolly girl childrens cup,-12.5
22685,french blue metal door sign 0,-12.5
23400,shelf with 4 hooks home sweet home,-12.5
23290,spaceboy childrens bowl,-12.5
23017,apothecary measuring jar,-12.5
21114,lavender scented fabric heart,-12.5
23556,landmark frame covent garden,-12.5
23073,georgian trinket box,-12.5
23338,egg frying pan red,-12.48
23025,drawer knob vintage glass ball,-12.48
23074,embossed heart trinket box,-12.48
23514,embroidered ribbon reel sally,-12.48
23513,embroidered ribbon reel susie,-12.48
23237,set of 4 knick knack tins leaves,-12.450000000000001
85150,ladies & gentlemen metal sign,-12.299999999999999
22338,star decoration painted zinc,-12.27
40001,white bamboo ribs lampshade,-12.16
21756,bath building block word,-11.9
22822,cream wall planter heart shaped,-11.9
85014b,red retrospot umbrella,-11.9
90211b,jet black las vegas necklace 45cm,-11.9
21794,classic french style basket natural,-11.850000000000001
22496,set of 2 round tins dutch cheese,-11.8
84674,flying pig watering can,-11.8
90201a,purple enamel flower ring,-11.8
22224,white lovebird lantern,-11.8
20886,box of 9 pebble candles,-11.7
22575,metal merry christmas wreath,-11.7
23039,t-light holder silver heart handle,-11.7
22812,pack 3 boxes christmas panettone,-11.7
23224,cherub heart decoration gold,-11.620000000000001
23182,toilet sign occupied or vacant,-11.62
22208,wood stamp set thank you,-11.610000000000001
23028,drawer knob crackle glaze blue,-11.55
84970l,single heart zinc t-light holder,-11.4
23493,vintage doily travel sewing kit,-11.399999999999999
85131a,beaded pearl heart white on stick,-11.27
20970,pink floral feltcraft shoulder bag,-11.25
21913,vintage seaside jigsaw puzzles,-11.25
84952b,black love bird t-light holder,-11.25
23403,letter holder home sweet home,-11.25
82616b,frappucino scarf knitting kit,-11.25
23490,t-light holder hanging love bird,-11.25
20980,36 pencils tube posy,-11.25
22099,caravan square tissue box,-11.25
22719,gumball monochrome coat rack,-11.17
82581,toilet metal sign,-11.16
84976,rectangular shaped mirror,-11.06
22095,lads only tissue box,-11.06
46138b,blue chenille shaggy cushion cover,-11.05
21455,painted yellow wooden daisy,-11.05
22851,set 20 napkins fairy cakes design,-11.049999999999999
22603,christmas retrospot tree wood,-11.049999999999999
21878,pack of 6 sandcastle flags assorted,-11.049999999999999
23232,wrap vintage leaf design,-10.92
22996,travel card wallet vintage ticket,-10.92
35810b,enamel blue rim coffee container,-10.790000000000001
23148,miniature antique rose hook ivory,-10.79
22661,charlotte bag dolly girl design,-10.79
23295,set of 12 mini loaf baking cases,-10.79
23294,set of 6 snack loaf baking cases,-10.79
37503,tea time cake stand in gift box,-10.75
16161p,wrap english rose,-10.5
23233,wrap poppies  design,-10.5
21167,white sage incense,-10.5
23232,wrap vintage petals  design,-10.5
22047,empire gift wrap,-10.5
22048,birthday banquet gift wrap,-10.5
22050,pink paisley rose gift wrap,-10.5
22039,botanical lily gift wrap,-10.5
22986,wrap gingham rose,-10.5
22049,wrap christmas screen print,-10.5
21495,skulls and crossbones wrap,-10.5
90108,blue blossom hair clip,-10.5
22899,children's apron dolly girl,-10.5
22705,wrap green pears,-10.5
16161u,wrap suki and friends,-10.5
22712,card dolly girl,-10.5
22708,wrap dolly girl,-10.5
22706,wrap cowboys,-10.5
23145,zinc t-light holder star large,-10.45
23511,embroidered ribbon reel emily,-10.4
23367,set 12 colour pencils spaceboy,-10.4
22116,metal sign his dinner is served,-10.2
22948,metal decoration naughty children,-10.2
21059,party invites dinosaurs,-10.2
21558,skull lunch box with cutlery,-10.2
79191d,retro plastic daisy tray,-10.2
79191b,retro plastic polka tray,-10.2
22393,paperweight vintage collage,-10.2
20840,french floral cushion cover,-10.2
84821,danish rose deluxe coaster,-10.2
22322,bird decoration green polkadot,-10.2
21058,party invites woodland,-10.2
21942,skulls design flannel,-10.2
79066k,retro mod tray,-10.2
20838,french lattice cushion cover,-10.2
22522,childs garden fork blue,-10.2
22523,childs garden fork pink,-10.2
22348,tea bag plate red retrospot,-10.2
22491,pack of 12 coloured pencils,-10.2
84832,zinc willie winkie  candle stick,-10.2
84798b,purple foxglove artiifcial flower,-10.2
21677,hearts  stickers,-10.2
22792,fluted antique candle holder,-10.2
85017b,envelope 50 blossom images,-10.2
21675,butterflies stickers,-10.2
22132,red love heart shape cup,-10.2
23306,set of 36 doilies pantry design,-10.149999999999999
21916,set 12 retro white chalk sticks,-10.08
22718,card cat and tree,-10.08
85199s,small hanging ivory/red wood bird,-10.08
22530,magic drawing slate dolly girl,-10.08
22533,magic drawing slate bake a cake,-10.08
22209,wood stamp set happy birthday,-9.96
20836,french paisley cushion cover,-9.96
23223,christmas tree hanging silver,-9.96
23220,reindeer heart decoration gold,-9.96
23316,red refectory clock,-9.95
23569,tradtional alphabet stamp set,-9.9
21246,red retrospot big bowl,-9.9
90059e,diamante hair grip pack/2 ruby,-9.9
90059c,diamante hair grip pack/2 montana,-9.9
90192,jade drop earrings w filigree,-9.9
90059a,diamante hair grip pack/2 crystal,-9.9
90059b,diamante hair grip pack/2 black dia,-9.9
22472,tv dinner tray dolly girl,-9.9
90059d,diamante hair grip pack/2 peridot,-9.9
90059f,diamante hair grip pack/2 lt rose,-9.9
85027l,french chateau large platter,-9.75
21896,potting shed twine,-9.75
85132c,charlie and lola figures tins,-9.75
47504k,english rose garden secateurs,-9.48
23376,pack of 12 vintage christmas tissue,-9.36
21158,moody girl door hanger,-9.36
85231b,cinammon set of 9 t-lights,-9.35
85064,cream sweetheart letter rack,-9.3
23186,french style storage jar cafe,-9.24
21786,polkadot rain hat,-9.24
84663a,grass hopper wooden wall clock,-9.11
22067,choc truffle gold trinket pot,-9.1
21373,mirrored wall art snowflakes,-9.0
22183,cake stand victorian filigree med,-8.95
21630,floor cushion elephant carnival,-8.95
22359,glass jar kings choice,-8.850000000000001
21041,red retrospot oven glove double,-8.850000000000001
85104,silver glass t-light set,-8.850000000000001
22934,baking mould easter egg white choc,-8.850000000000001
22893,mini cake stand t-light holder,-8.82
22091,empire tissue box,-8.75
22258,felt farm animal rabbit,-8.75
23345,dolly girl beaker,-8.75
22981,pantry apple corer,-8.7
23034,drawer knob ceramic black,-8.7
23270,set of 2 ceramic painted hearts,-8.7
22416,set of 36 spaceboy paper doilies,-8.7
16259,piece of camo stationery set,-8.64
21394,red polkadot beaker,-8.58
72803a,rose scent candle jewelled drawer,-8.5
85231g,orange scented set/9 t-lights,-8.5
22201,frying pan blue polkadot,-8.5
21408,spotty pink duck doorstop,-8.5
22437,set of 9 black skull balloons,-8.5
22613,pack of 20 spaceboy napkins,-8.5
23342,mint diner wall clock,-8.5
84969,box of 6 assorted colour teaspoons,-8.5
85199l,large hanging ivory & red wood bird,-8.450000000000001
21987,pack of 6 skull paper cups,-8.450000000000001
82613b,"metal sign,cupcake single hook",-8.4
85054,french enamel pot w lid,-8.4
82613d,metal sign cupcake single hook,-8.4
21426,woodland storage box small,-8.4
85186c,bunny egg garland,-8.4
82613c,"metal sign,cupcake single hook",-8.4
21209,multicolour honeycomb fan,-8.33
23456,medium parlour picture frame,-8.3
23389,spaceboy mini backpack,-8.3
23454,three mini hanging frames,-8.3
23053,recycled acapulco mat pink,-8.25
23054,recycled acapulco mat lavender,-8.25
23133,large ivory heart wall organiser,-8.25
23052,recycled acapulco mat turquoise,-8.25
23050,recycled acapulco mat green,-8.25
23466,tuscan villa dovecote bird feeder,-8.25
23491,vintage jingle bells heart,-8.25
23415,home sweet home hook,-8.25
23066,small deco jewellery stand,-8.25
23544,wall art mid century modern,-8.25
22616,pack of 12 london tissues,-8.16
23410,curio cabinet linen and lace,-8.15
21564,pink  heart shape love bucket,-8.05
15044c,purple paper parasol,-8.05
85170d,set/6 pink bird t-light candles,-8.0
85135b,blue dragonfly helicopter,-7.95
84600,new baroque jewellery box,-7.95
85135c,red dragonfly helicopter,-7.95
85068,cream sweetheart shelf + hooks,-7.95
21359,relax large wood letters,-7.9
22723,set of 6 herb tins sketchbook,-7.9
23434,3 raffia ribbons 50's christmas,-7.9
21311,set/4 bird mirror magnets,-7.83
22918,herb marker parsley,-7.800000000000001
22916,herb marker thyme,-7.800000000000001
85032d,yuletide images gift wrap set,-7.800000000000001
22919,herb marker mint,-7.800000000000001
85032c,curious images gift wrap set,-7.800000000000001
21880,red retrospot tape,-7.800000000000001
22821,gift bag psychedelic apples,-7.800000000000001
22917,herb marker rosemary,-7.800000000000001
22921,herb marker chives,-7.800000000000001
22466,fairy tale cottage nightlight,-7.8
47594b,scotties design washbag,-7.8
84931b,blue scottie dog w flower pattern,-7.649999999999999
21279,vintage kitchen print fruits,-7.649999999999999
21925,union stripe cushion cover,-7.5
90143,silver bracelet w pastel flower,-7.5
23330,decorative wicker heart medium,-7.5
90176d,diamante necklace purple,-7.5
90176a,classic diamante necklace jet,-7.5
22592,cardholder holly wreath metal,-7.5
22751,feltcraft princess olivia doll,-7.5
23227,filigree heart butterfly white,-7.5
22252,birdcage decoration tealight holder,-7.5
20674,green polkadot bowl,-7.5
23160,regency tea spoon,-7.5
21467,cherry crochet food cover,-7.5
23346,spaceboy beaker,-7.5
22203,milk pan red retrospot,-7.5
21469,polka dot raffia food cover,-7.5
23093,small parisienne heart photo frame,-7.470000000000001
23090,vintage glass t-light holder,-7.47
22268,decoration sitting bunny,-7.41
21306,set/4 daisy mirror magnets,-7.32
84985a,set of 72 green paper doilies,-7.25
84926f,psychedelic tile coaster,-6.959999999999999
20984,12 pencils tall tube posy,-6.959999999999999
21983,pack of 12 blue paisley tissues,-6.959999999999999
22119,peace wooden block letters,-6.95
51008,afghan slipper sock pair,-6.9
22609,pens assorted spaceball,-6.84
85126,large round cutglass candlestick,-6.75
21364,peace small wood letters,-6.75
21918,set 12 kids colour  chalk sticks,-6.72
79190b,retro plastic polka tray,-6.72
84596f,small marshmallows pink bowl,-6.72
84596b,small dolly mix design orange bowl,-6.72
82578,kitchen metal sign,-6.6000000000000005
23273,heart t-light holder willie winkie,-6.6
20798,clear milkshake glass,-6.6
85040b,set/4 blue flower candles in bowl,-6.6
23209,lunch bag doiley pattern,-6.6
85062,pearl crystal pumpkin t-light hldr,-6.6
21194,pink  honeycomb paper fan,-6.5
20681,pink polkadot childrens umbrella,-6.5
22383,lunch bag suki  design,-6.3999999999999995
21071,vintage billboard drink me mug,-6.36
84881,blue wire spiral candle holder,-6.35
90199c,5 strand glass necklace crystal,-6.35
21427,skulls storage box small,-6.300000000000001
90209c,pink enamel+glass hair comb,-6.300000000000001
23323,white wicker star,-6.300000000000001
22441,grow your own basil in enamel mug,-6.300000000000001
21012,antique all glass candlestick,-6.300000000000001
21391,french lavender scent heart,-6.300000000000001
72351b,set/6 pink  butterfly t-lights,-6.300000000000001
22966,gingerbread man cookie cutter,-6.25
23565,egg cup milkmaid helga,-6.25
20677,pink polkadot bowl,-6.25
22670,french wc sign blue metal,-6.25
20956,porcelain t-light holders assorted,-6.25
21930,jumbo storage bag skulls,-6.24
84950,assorted colour t-light holder,-6.1000000000000005
79000,moroccan tea glass,-6.050000000000001
21382,set/4 spring flower decoration,-6.0
84575a,pink dog cannister,-5.95
84843,white soap rack with 2 bottles,-5.95
20983,12 pencils tall tube red retrospot,-5.95
23535,wall art bicycle safety,-5.95
22121,noel wooden block letters,-5.95
85061w,white jewelled heart decoration,-5.95
22944,christmas metal postcard with bells,-5.93
22904,calendar paper cut design,-5.9
22314,office mug warmer choc+blue,-5.9
22175,pink owl soft toy,-5.9
22742,make your own playtime card kit,-5.9
85071b,red charlie+lola personal doorsign,-5.9
21038,set/4 modern vintage cotton napkins,-5.9
22176,blue owl soft toy,-5.9
21901,"key fob , back door",-5.8500000000000005
21902,"key fob , front  door",-5.8500000000000005
22433,watering can green dinosaur,-5.85
16202e,black photo album,-5.55
84839,sweetheart key cabinet,-5.55
15044d,red paper parasol,-5.5
20781,gold ear muff headphones,-5.49
21917,set 12 kids  white chalk sticks,-5.46
82551,laundry 15c metal sign,-5.2
79163,black champagne glass,-5.16
21561,dinosaur lunch box with cutlery,-5.1
22110,bird house hot water bottle,-5.1
22576,swallow wooden christmas decoration,-5.1
22598,christmas musical zinc tree,-5.1
22583,pack of 6 handbag gift boxes,-5.1
84803b,white allium  artificial flower,-5.07
84800m,medium white/pink rose art flower,-5.07
84678,classical rose small vase,-5.05
22031,botanical lavender birthday card,-5.04
22034,robin christmas card,-5.04
22026,banquet birthday  card,-5.04
22024,rainy ladies birthday card,-5.04
22042,christmas card singing angel,-5.04
22025,ring of roses birthday card,-5.04
21507,elephant birthday card,-5.04
22023,empire birthday card,-5.04
21507,"elephant, birthday card,",-5.04
21508,vintage kid dolly card,-5.04
21506,"fancy font birthday card,",-5.04
22714,card birthday cowboy,-5.04
22028,penny farthing birthday card,-5.04
22029,spaceboy birthday card,-5.04
21445,12 pink rose peg place settings,-5.0
47563a,retro longboard ironing board cover,-5.0
21826,eight piece dinosaur set,-5.0
47504h,english rose spirit level,-5.0
23566,egg cup milkmaid heidi,-5.0
23123,cocktail swords 50 pieces,-4.98
22062,ceramic bowl with love heart design,-4.98
23024,large bonne jam jar  t-light holder,-4.98
23405,home sweet home 2 drawer cabinet,-4.95
84629,white 3 frame birds and tree,-4.95
23411,trellis coat rack,-4.95
21708,folding umbrella cream polkadot,-4.95
21317,glass sphere candle stand medium,-4.95
23180,mum's kitchen clock,-4.95
79320,flamingo lights,-4.95
23164,regency cake slice,-4.95
23117,poppy fields chopping board,-4.95
23424,gingham recipe book box,-4.95
21928,jumbo bag scandinavian paisley,-4.949999999999999
23329,decorative wicker heart large,-4.949999999999999
23191,bundle of 3 retro note books,-4.949999999999999
23274,star t-light holder willie winkie,-4.949999999999999
23192,bundle of 3 alphabet exercise books,-4.949999999999999
79164,black wine glass,-4.949999999999999
22241,garland wooden happy easter,-4.8100000000000005
23327,hanging clear mini bottle,-4.720000000000001
21822,glitter christmas tree with bells,-4.6899999999999995
22287,decoration wobbly chicken,-4.68
21179,no junk mail metal sign,-4.68
22615,pack of 12 circus parade tissues,-4.68
21144,pink poodle hanging decoration,-4.5600000000000005
21084,set/6 collage paper cups,-4.5600000000000005
22161,heart decoration rustic hanging,-4.5600000000000005
21650,assorted tutti frutti bracelet,-4.5600000000000005
84660a,white stitched wall clock,-4.54
21578,woodland design  cotton tote bag,-4.5
22650,ceramic pirate chest money bank,-4.35
22245,"hook, 1 hanger ,magic garden",-4.25
90200b,black sweetheart bracelet,-4.25
22372,airline bag vintage world champion,-4.25
90018c,silver black orbit drop earrings,-4.25
90018a,silver m.o.p orbit drop earrings,-4.25
22262,felt egg cosy chicken,-4.25
21407,brown check cat doorstop,-4.25
22412,metal sign neighbourhood witch,-4.2
20752,blue polkadot washing up gloves,-4.2
84927e,flowers tile hook,-4.2
22515,childs garden spade pink,-4.2
22440,balloon water bomb pack of 35,-4.2
85088,candy spot hand bag,-4.2
10133,colouring pencils brown tube,-4.2
84809a,white chrysanthemums art flower,-4.2
84927d,la palmiera tile hook,-4.2
23390,dolly girl mini backpack,-4.15
23129,heart shaped holly wreath,-4.15
23312,vintage christmas gift sack,-4.15
84813,set of 4 diamond napkin rings,-3.95
84884a,ant white wire heart spiral,-3.95
22188,black heart card holder,-3.95
35004g,set of 3 gold flying ducks,-3.9
21263,green goose feather tree 60cm,-3.9
22097,swallow square tissue box,-3.9
22319,hairclips forties fabric assorted,-3.9
47591d,pink fairy cake childrens apron,-3.9
85132a,charlie + lola biscuits tins,-3.9
21143,antique glass heart decoration,-3.9
21461,blue easter egg hunt start post,-3.9
21395,blue polkadot beaker,-3.9
23368,set 12 colour pencils dolly girl,-3.9
84857b,blue monte carlo handbag,-3.9
21704,bag 250g swirly marbles,-3.86
84856s,small tahiti beach bag,-3.81
23061,vintage embossed heart,-3.75
21390,filigris heart with butterfly,-3.75
82616c,midnight glamour scarf knitting kit,-3.75
90064b,black vintage  crystal earrings,-3.75
84870b,blue geisha girl,-3.75
85098b,blue flying singing canary,-3.75
22772,pink drawer knob acrylic edwardian,-3.75
21775,decorative flore bathroom bottle,-3.75
22511,retrospot babushka doorstop,-3.75
15060b,fairy cake design umbrella,-3.75
22202,milk pan pink polkadot,-3.75
84685,beach hut key cabinet,-3.75
35001w,hand open shape deco.white,-3.49
21422,porcelain rose small,-3.4
22250,decoration  butterfly  magic garden,-3.4
84559b,3d sheet of cat stickers,-3.4
22249,decoration white chick magic garden,-3.4
22601,christmas retrospot angel wood,-3.4
84452,metal rabbit ladder easter,-3.4
20982,12 pencils tall tube skulls,-3.4
22260,felt egg cosy blue rabbit,-3.4
22261,felt egg cosy white rabbit,-3.4
22354,retrospot padded seat cushion,-3.39
22713,card i love london,-3.36
22450,silk purse babushka blue,-3.35
23332,ivory wicker heart large,-3.3
23190,bundle of 3 school exercise books,-3.3
22331,woodland party bag + sticker set,-3.3
85114b,ivory enchanted forest placemat,-3.3
21206,strawberry honeycomb  garland,-3.3
23023,ridged bonne jam jar t-light holder,-3.3
84595e,large tortilla design red bowl,-3.29
dot,dotcom postage,-3.29
21900,"key fob , shed",-3.25
23377,pack of 12 dolly girl tissues,-3.12
23630,set 10 cards hanging baubles 17080,-2.99
22452,measuring tape babushka pink,-2.95
15044b,blue paper parasol,-2.95
22483,red gingham teddy bear,-2.95
84086b,yellow/blue retro radio,-2.95
85185b,pink horse sock puppet kit,-2.95
21316,small chunky glass roman  bowl,-2.95
85087,candy spot cushion cover,-2.95
22272,feltcraft doll maria,-2.95
35832,woolly hat sock glove advent string,-2.95
21380,wooden happy birthday garland,-2.95
22453,measuring tape babushka blue,-2.95
90162b,ant silver lime green boudicca ring,-2.95
15044a,pink paper parasol,-2.95
22811,set of 6 t-lights cacti,-2.95
20936,forked cactus candle,-2.95
22154,angel decoration 3 buttons,-2.94
21972,set of 36 dinosaur paper doilies,-2.9
22949,set of 36 dolly girl paper doilies,-2.9
23189,set of 12 fork candles,-2.89
16219,house shape pencil sharpener,-2.88
21981,pack of 12 woodland tissues,-2.73
20973,12 pencil small tube woodland,-2.6
22305,coffee mug pink paisley design,-2.55
22638,set of 4 napkin charms crowns,-2.55
90076,montana diamond cluster earrings,-2.55
22350,illustrated cat bowl,-2.55
85188a,green metal swinging bunny,-2.55
84659a,white travel alarm clock,-2.55
85023c,pink large jeweled photoframe,-2.55
20772,garden path journal,-2.55
71459,hanging jam jar t-light holders,-2.55
22908,pack of 20 napkins red apples,-2.55
22584,pack of 6 pannetone gift boxes,-2.55
84508a,camouflage design teddy,-2.55
21201,tropical  honeycomb paper garland,-2.55
21556,ceramic strawberry money box,-2.55
21588,retrospot giant tube matches,-2.55
22419,lipstick pen red,-2.52
21412,vintage gold tinsel reel,-2.52
84800s,small white/pink rose art flower,-2.5
21272,salle de bain hook,-2.5
20941,frog candle,-2.5
21494,rotating leaves t-light holder,-2.5
23437,50's christmas gift bag large,-2.5
23503,playing cards keep calm & carry on,-2.5
85183a,charlie & lola wastepaper bin blue,-2.5
35471d,set of 3 bird light pink feather,-2.5
21125,set 6 football celebration candles,-2.5
23150,ivory sweetheart soap dish,-2.49
23122,party charms 50 pieces,-2.4899999999999998
22096,pink paisley square tissue box,-2.34
21088,set/6 fruit salad paper cups,-2.28
79337,blue flock glass candleholder,-2.28
84251b,"greeting card, sticky gordon",-2.28
21647,assorted tutti frutti large purse,-2.1
22378,wall tidy retrospot,-2.1
20830,silver photo frame,-2.1
85170b,set/6 black bird t-light candles,-2.1
20751,funky washing up gloves assorted,-2.1
21417,cockle shell dish,-2.1
20754,retrospot red washing up gloves,-2.1
22878,number tile cottage garden no,-2.1
23419,home sweet home bottle,-2.08
22066,love heart trinket pot,-1.9500000000000002
22131,food container set 3 love heart,-1.95
22877,number tile cottage garden 9,-1.95
22882,number tile vintage font 3,-1.95
84857c,pink monte carlo handbag,-1.95
84927f,psychedelic tile hook,-1.95
84906,pink butterfly cushion cover,-1.95
20705,mrs robot soft toy,-1.95
22883,number tile vintage font 4,-1.95
22885,number tile vintage font 6,-1.95
22869,number tile cottage garden 1,-1.95
22789,t-light holder sweetheart hanging,-1.95
23452,heart mini portrait frame,-1.95
22471,tv dinner tray air hostess,-1.95
21033,jumbo bag charlie and lola toys,-1.79
17129f,blue glass gems in bag,-1.7
23285,pink vintage spot beaker,-1.7
22229,bunny wooden painted with flower,-1.7
21385,ivory hanging decoration  heart,-1.7
22228,bunny wooden painted with bird,-1.7
22581,wood stocking christmas scandispot,-1.7
84849b,fairy soap soap holder,-1.69
22152,place setting white star,-1.68
23280,folding butterfly mirror hot pink,-1.66
22296,heart ivory trellis large,-1.65
21319,glass chalice green  small,-1.65
23188,vintage  2 metre folding ruler,-1.65
85039c,s/4 black mini rose candle in bowl,-1.65
21584,retrospot small tube matches,-1.65
21935,suki  shoulder bag,-1.65
85024c,pink small jewelled photoframe,-1.65
85025b,eau de nile heart shape photo frame,-1.65
85039a,set/4 red mini rose candle in bowl,-1.65
22906,12 message cards with envelopes,-1.65
85025c,pink heart shape photo frame,-1.65
22195,large heart measuring spoons,-1.65
85211,s/4 groovy cat magnets,-1.58
37327,asstd multicolour circles mug,-1.56
46000m,polyester filler pad 45x45cm,-1.55
47574a,english rose scented hanging flower,-1.5
21973,set of 36 mushroom paper doilies,-1.45
22136,love heart sock hanger,-1.45
21248,door hanger  mum + dads room,-1.45
22671,french laundry sign blue metal,-1.45
22950,set of 36 vintage christmas doilies,-1.45
20957,porcelain hanging bell small,-1.45
47013c,wine bottle dressing dark blue,-1.44
22608,pens assorted funky jeweled,-1.33
22227,hanging heart mirror decoration,-1.3
22820,gift bag birthday,-1.3
21383,pack of 12 sticky bunnies,-1.3
79190a,retro plastic 70's tray,-1.26
22999,travel card wallet vintage leaf,-1.26
22409,money box biscuits design,-1.25
22406,money box kings choice design,-1.25
22477,watering can garden marker,-1.25
21774,decorative cats bathroom bottle,-1.25
22757,large red babushka notebook,-1.25
21718,red metal beach spade,-1.25
85036a,gardenia 1 wick morris boxed candle,-1.25
22563,happy stencil craft,-1.25
85169d,pink love bird candle,-1.25
22975,spaceboy childrens egg cup,-1.25
22977,dolly girl childrens egg cup,-1.25
35921,easter bunny hanging garland,-1.25
21456,2 picture book eggs easter chicks,-1.25
22954,hen party cordon barrier tape,-1.25
21648,assorted tutti frutti small purse,-1.25
20707,crazy daisy heart decoration,-1.25
23370,set 36 colouring pencils doily,-1.25
23100,silver bells table decoration,-1.25
21163,do not touch my stuff door hanger,-1.25
21447,12 ivory rose peg place settings,-1.25
84510a,set of 4 english rose coasters,-1.25
23264,set of 3 wooden sleigh decorations,-1.25
23568,egg cup henrietta hen cream,-1.25
23567,egg cup henrietta hen pink,-1.25
10135,colouring pencils brown tube,-1.25
22053,empire design rosette,-1.25
22279,pocket bag blue paisley red spot,-1.25
22316,200 bendy skull straws,-1.25
37340,multicolour spring flower mug,-1.17
21736,gold scroll glass t-light holder,-1.17
21015,dark bird house tree decoration,-1.16
22560,traditional modelling clay,-1.06
22405,money box pocket money design,-1.06
84006,magic tree -paper flowers,-0.85
72140e,best dad candle letters,-0.85
20832,red flock love heart photo frame,-0.85
23398,hanging heart bonheur,-0.85
21722,sweet pudding sticker sheet,-0.85
85176,sewing susan 21 needle set,-0.85
22268,easter decoration sitting bunny,-0.85
35961,folkart zinc heart christmas dec,-0.85
21389,ivory hanging decoration  bird,-0.85
22594,christmas gingham tree,-0.85
84971s,small heart flowers hook,-0.85
22321,bird decoration red retrospot,-0.85
85213,mini  zinc garden decorations,-0.85
85177,basket of flowers sewing kit,-0.85
22489,pack of 12 traditional crayons,-0.84
22534,magic drawing slate spaceboy,-0.84
22421,lipstick pen fuschia,-0.84
22547,mini jigsaw dinosaur,-0.84
21520,booze & women greeting card,-0.84
23508,mini playing cards dolly girl,-0.84
62043b,blue check bag w handle 34x20cm,-0.83
23375,50's christmas paper gift bag,-0.82
84751b,black medium glass cake stand,-0.79
85160b,black bird garden design mug,-0.78
35598d,pink/white christmas tree 60cm,-0.65
51020a,summer fun design shower cap,-0.58
21503,toybox  wrap,-0.42
47422,assorted monkey suction cup hook,-0.42
23005,travel card wallet i love london,-0.42
84228,hen house w chick standing,-0.42
22546,mini jigsaw purdey,-0.42
44234,assorted circular mobile,-0.42
22540,mini jigsaw circus parade,-0.42
21802,christmas tree heart decoration,-0.42
22545,mini jigsaw bunnies,-0.42
16258a,swirly circular rubbers in bag,-0.42
21982,pack of 12 suki tissues,-0.39
84750b,black small glass cake stand,-0.39
84927a,wake up cockerel tile hook,-0.39
22400,magnets pack of 4 home sweet home,-0.39
35923,candy heart hanging decoration,-0.39
79030d,tumbler baroque,-0.39
51020b,stripy design shower cap,-0.29
23185,french style storage jar jam,-0.29
16235,recycled pencil with rabbit eraser,-0.21
21883,stars gift tape,-0.19
85204,hanging wood and felt flower,-0.12
22181,check,0.0
22176,check,0.0
22219,???lost,0.0
22217,damages?,0.0
90180a,stock check,0.0
22060,damaged,0.0
22051,?,0.0
22049,damaged,0.0
22268,check,0.0
22286,check,0.0
22272,damaged,0.0
22271,check,0.0
47591b,?,0.0
47590b,check,0.0
dcgs0069,ebay,0.0
dcgs0068,ebay,0.0
dcgs0067,ebay,0.0
dcgs0003,ebay,0.0
90210d,check,0.0
15058c,wet/rusty,0.0
15058a,wet/rusty,0.0
16169e,check,0.0
16045,check,0.0
16008,check,0.0
22149,check,0.0
21018,damaged,0.0
23595,re-adjustment,0.0
35810a,check,0.0
35648,check,0.0
35611b,thrown away,0.0
72807c,wet pallet,0.0
72807c,damages,0.0
79164,damages/credits from asos.,0.0
79163,sold as set on dotcom,0.0
79163,damaged,0.0
35610c,thrown away.,0.0
35610b,thrown away,0.0
35610a,thrown away,0.0
23427,damaged,0.0
23412,?,0.0
23462,damages,0.0
79051a,sold as set on dotcom,0.0
82483,crushed,0.0
79342b,"unsaleable, destroyed.",0.0
79341,"unsaleable, destroyed.",0.0
79323w,"unsaleable, destroyed.",0.0
79323s,"unsaleable, destroyed.",0.0
79323p,"unsaleable, destroyed.",0.0
79323lp,"unsaleable, destroyed.",0.0
79323gr,"unsaleable, destroyed.",0.0
79323g,"unsaleable, destroyed.",0.0
79323b,"unsaleable, destroyed.",0.0
21033,taig adjust no stock,0.0
35607b,thrown away,0.0
35241,damages?,0.0
35965,found some more on shelf,0.0
35954,counted,0.0
35923,check,0.0
72807a,???missing,0.0
72803a,damages,0.0
72802c,damages,0.0
72802c,check,0.0
72802b,check,0.0
79030g,water damaged,0.0
79030g,damages,0.0
23406,check,0.0
20898,check,0.0
20893,damages/display,0.0
20893,damages,0.0
20867,?,0.0
20866,?,0.0
20856,??,0.0
20840,damages,0.0
82600,historic computer difference?....se,0.0
82599,?,0.0
23400,check,0.0
23397,damaged,0.0
23395,check,0.0
23322,mouldy,0.0
23348,sold with wrong barcode,0.0
23343,wrongly coded 20713,0.0
23343,20713 wrongly marked,0.0
82583,?,0.0
82582,??,0.0
82494l,crushed ctn,0.0
82494l,cracked,0.0
84050,counted,0.0
21109,wet,0.0
21100,damaged,0.0
21098,damages?,0.0
21090,wet/mouldy,0.0
21089,damaged,0.0
21071,check,0.0
21159,damaged,0.0
23270,incorrect stock entry.,0.0
23269,incorrect stock entry.,0.0
20839,damages,0.0
20827,damages,0.0
20803,damages,0.0
23268,incorrect stock entry.,0.0
23288,check,0.0
21147,?,0.0
21136,sold as set on dotcom,0.0
21135,wet rusty,0.0
21135,sold as set on dotcom,0.0
23343,20713,0.0
23187,check,0.0
21246,damaged,0.0
84313c,damaged,0.0
84313b,damaged,0.0
84279p,check,0.0
84249a,damaged,0.0
84249a,check,0.0
84228,crushed,0.0
21201,???,0.0
21192,check,0.0
21181,check,0.0
21179,damaged,0.0
21166,?,0.0
21165,check,0.0
21320,broken,0.0
21294,damaged,0.0
23169,smashed,0.0
21275,?,0.0
21272,?,0.0
21258,?,0.0
21257,?,0.0
84422,dagamed,0.0
84406b,incorrectly made-thrown away.,0.0
84406b,?,0.0
84352,damages/samples,0.0
84584,?,0.0
84581,check,0.0
84576,damaged,0.0
84563b,damaged,0.0
84563a,damaged,0.0
21351,damaged,0.0
23118,check,0.0
23118,breakages,0.0
23117,damaged,0.0
23116,damaged,0.0
23115,damaged,0.0
23114,damaged,0.0
23113,damaged,0.0
23131,?,0.0
84508c,check,0.0
84508a,check,0.0
20774,damaged,0.0
20752,check,0.0
20751,check,0.0
23155,sold as set on dotcom,0.0
23072,damages,0.0
23071,damages,0.0
23090,missing,0.0
84614a,thrown away,0.0
84613a,thrown away,0.0
84612b,thrown away,0.0
84611b,thrown away,0.0
84609,damages,0.0
84598,check,0.0
84597b,damages,0.0
84596g,??,0.0
84743c,damages,0.0
23084,temp adjustment,0.0
21360,show samples,0.0
21352,check,0.0
23032,damages,0.0
23029,damages,0.0
23064,crushed,0.0
23059,thrown away-rusty,0.0
23057,rusty throw away,0.0
23056,rusty throw away,0.0
23055,rusty thrown away,0.0
84665,water damaged,0.0
84660a,damaged,0.0
84801a,check,0.0
84800l,wet damaged,0.0
21398,damages,0.0
21397,damaged,0.0
21394,damages,0.0
21391,sold as 1 on dotcom,0.0
79030d,damages,0.0
72818,check,0.0
72817,check,0.0
72759,thrown away-can't sell.,0.0
72732,thrown away-can't sell,0.0
72140f,throw away,0.0
72038p,damages,0.0
72807c,???missing,0.0
72807b,wet pallet,0.0
72807b,damages,0.0
72807b,????missing,0.0
72807a,wet pallet,0.0
72807a,damages,0.0
35915c,damaged,0.0
21424,damages,0.0
84763,display,0.0
84818,damages,0.0
84816,damages,0.0
84809b,damaged,0.0
21421,damaged,0.0
23005,printing smudges/thrown away,0.0
23003,printing smudges/thrown away,0.0
23020,smashed,0.0
23035,check,0.0
21519,check,0.0
22948,sold as set on dotcom,0.0
22946,check,0.0
22945,sold as set on dotcom,0.0
22944,sold as set on dotcom,0.0
84805b,wet damaged,0.0
84805a,wet damaged,0.0
84804a,wet damaged,0.0
84801a,wet damaged,0.0
84865,damaged,0.0
84859c,wet?,0.0
22968,water damage,0.0
22959,check,0.0
20700,?,0.0
22915,sold as set on dotcom,0.0
22927,damaged,0.0
22927,?,0.0
84929,code mix up? 84930,0.0
84912b,damaged,0.0
22924,sold as set on dotcom,0.0
22923,sold as set on dotcom,0.0
22922,sold as set on dotcom,0.0
21578,?,0.0
21539,damages?,0.0
21537,?,0.0
22943,check,0.0
21527,damages,0.0
21621,re dotcom quick fix.,0.0
21621,?,0.0
21620,mystery! only ever imported 1800,0.0
21620,check,0.0
21619,check,0.0
21618,check,0.0
21615,check,0.0
21591,check,0.0
84879,damaged,0.0
84877d,?,0.0
84876d,damaged,0.0
20713,wrongly marked. 23343 in box,0.0
20713,wrongly coded-23343,0.0
20711,lost in space,0.0
20711,check,0.0
22823,test,0.0
22812,?,0.0
22810,check,0.0
84968f,check,0.0
84968e,check,0.0
84997c,?,0.0
21643,damaged,0.0
21642,check,0.0
21636,check,0.0
21627,check,0.0
22837,?,0.0
22857,sold as set on dotcom,0.0
22856,sold as set on dotcom,0.0
22892,check,0.0
21622,possible damages or lost?,0.0
21622,damages,0.0
21693,mixed up,0.0
21689,wrong barcode,0.0
21688,mixed up,0.0
22804,wrongly mrked had 85123a in box,0.0
84969,check,0.0
85032d,damaged,0.0
85025c,barcode problem,0.0
85019c,damaged,0.0
22797,damages,0.0
22796,not rcvd in 10/11/2010 delivery,0.0
22792,damages,0.0
21682,?display?,0.0
21656,samples,0.0
21654,damaged,0.0
35833p,check,0.0
35833g,damages,0.0
35818b,adjustment,0.0
35817p,thrown away,0.0
37370,sold as set/6 by dotcom,0.0
37370,damages/dotcom?,0.0
37343,damaged,0.0
37340,sold as set on dotcom,0.0
37327,sold as set on dotcom,0.0
71279,damages,0.0
71038,check,0.0
51020b,adjust,0.0
22759,check,0.0
22784,damages,0.0
22778,check,0.0
85036c,damages wax,0.0
85036c,check,0.0
85036b,damages wax,0.0
85036b,check,0.0
85035c,check,0.0
85035b,check,0.0
85035a,check,0.0
85034a,damaged,0.0
21700,sold as set on dotcom and amazon,0.0
21781,damages?,0.0
21769,showroom,0.0
21761,damaged,0.0
22719,wrong code,0.0
20694,?,0.0
20681,mia,0.0
20665,adjustment,0.0
20652,check,0.0
17012c,check,0.0
22719,wrong barcode (22467),0.0
22719,sold as 22467,0.0
22740,?,0.0
21744,check,0.0
21735,damages,0.0
21819,check,0.0
21818,check,0.0
21817,check,0.0
21815,?,0.0
21811,check,0.0
21810,check,0.0
21803,check,0.0
21793,check,0.0
85054,check,0.0
85049d,?,0.0
85096,label mix up,0.0
22667,damaged,0.0
22655,damages/showroom etc,0.0
22700,smashed,0.0
21786,check,0.0
22601,check,0.0
21830,sold as 1,0.0
21830,oops ! adjustment,0.0
21830,"merchant chandler credit error, sto",0.0
21830,?,0.0
21829,sold as 1,0.0
21829,?missing,0.0
85078,missing,0.0
85125,check,0.0
85123a,wrongly marked carton 22804,0.0
21824,check,0.0
21823,damaged,0.0
21823,check,0.0
22618,"mouldy, unsaleable.",0.0
22652,check,0.0
22637,damages,0.0
85172,?sold as sets?,0.0
22595,check,0.0
22587,check,0.0
22586,check,0.0
22617,"mouldy, thrown away.",0.0
85111,check,0.0
85104,????damages????,0.0
85103,stock creditted wrongly,0.0
85161,samples/damages,0.0
85136c,damages,0.0
85136a,damages,0.0
85135c,damages,0.0
85132c,damages,0.0
22579,dotcom,0.0
22578,lost,0.0
22577,check,0.0
22576,check,0.0
22575,missing?,0.0
21868,check,0.0
21843,smashed,0.0
21833,damages,0.0
85132a,damaged,0.0
85175,amazon sold sets,0.0
85175,? sold as sets?,0.0
85172,wrongly sold as sets,0.0
85172,dotcom set,0.0
85172,check,0.0
21890,missing,0.0
21888,check,0.0
85167b,damaged,0.0
85199l,?,0.0
85185b,?,0.0
85175,wrongly sold sets,0.0
85175,dotcom sold sets,0.0
22572,??,0.0
22570,?,0.0
22569,?,0.0
22568,?? missing,0.0
72802a,wet pallet-thrown away,0.0
72802a,?,0.0
72801c,check,0.0
20956,check,0.0
20956,?,0.0
20902,check,0.0
37327,damages,0.0
35972,check,0.0
21014,check,0.0
20984,damaged,0.0
40016,?,0.0
40001,check,0.0
37488a,damaged,0.0
37487b,damaged,0.0
37482p,damaged,0.0
37479p,sold as set on dotcom,0.0
22523,?,0.0
22522,check,0.0
22502,reverse 21/5/10 adjustment,0.0
85175,check,0.0
85232d,mix up with c,0.0
85231g,check,0.0
85230e,damaged,0.0
85215,damaged,0.0
85208,check,0.0
85204,lost??,0.0
22435,?missing,0.0
22427,damages,0.0
22426,check,0.0
22459,?lost,0.0
22458,missing,0.0
22449,can't find,0.0
90057,crushed boxes,0.0
90014a,check,0.0
90012b,check,0.0
90012a,stock check,0.0
21937,?,0.0
22481,wet boxes,0.0
22467,wrong code?,0.0
22501,reverse 21/5/10 adjustment,0.0
22501,incorrectly put back into stock,0.0
22339,check,0.0
22336,damaged,0.0
22351,given away,0.0
22043,dotcom,0.0
22043,check,0.0
22030,??,0.0
22025,check,0.0
22423,faulty,0.0
22423,damages,0.0
37479p,??,0.0
37479b,sold as set by dotcom,0.0
37471,sold as set on dotcom,0.0
47503h,check,0.0
47574a,check,0.0
47566b,reverse previous adjustment,0.0
47566b,incorrectly credited c550456 see 47,0.0
48189,damaged,0.0
48185,?,0.0
47013a,damaged,0.0
46000s,dotcom sales,0.0
46000s,dotcom,0.0
46000m,dotcom sales,0.0
40016,damaged stock,0.0
22149,damages,0.0
22152,check,0.0
22127,sold in set?,0.0
22128,sold as set on dotcom,0.0
22130,sold as set on dotcom,0.0
22142,check,0.0
22147,check,0.0
17012b,check,0.0
90191,??,0.0
90195a,check,0.0
22121,?,0.0
22121,check,0.0
22127,dotcom sold in 6's,0.0
dcgs0073,ebay,0.0
10133,damaged,0.0
